t_s,current_uA,voltage_uV,batt_temp_deciC,status,cpu_freqs_kHz
596494.07,-376000,4005000,240,Discharging,2000000:2000000:2000000:2000000:2000000:2000000:2200000:2200000
596495.09,-347000,4005000,240,Discharging,500000:500000:500000:500000:500000:500000:1300000:1300000
596496.12,-242000,4005000,240,Discharging,1400000:1400000:1400000:2000000:2000000:2000000:900000:900000
596497.14,-315000,4005000,240,Discharging,2000000:2000000:2000000:2000000:2000000:2000000:725000:725000
596498.16,-311000,4005000,240,Discharging,2000000:2000000:2000000:2000000:2000000:2000000:725000:725000
596499.18,-310000,4005000,240,Discharging,2000000:2000000:2000000:2000000:2000000:2000000:725000:725000
596500.20,-335000,4005000,230,Discharging,2000000:2000000:2000000:2000000:2000000:2000000:725000:725000
596501.23,-328000,4005000,230,Discharging,2000000:2000000:2000000:2000000:2000000:2000000:725000:725000
596502.25,-342000,4005000,230,Discharging,2000000:2000000:2000000:2000000:2000000:2000000:725000:725000
596503.28,-360000,4005000,230,Discharging,2000000:2000000:2000000:2000000:2000000:2000000:725000:725000
596504.31,-514000,4005000,230,Discharging,2000000:2000000:2000000:2000000:2000000:2000000:725000:725000
596505.33,-267000,4005000,230,Discharging,2000000:2000000:2000000:2000000:2000000:2000000:725000:725000
596506.36,-263000,4005000,230,Discharging,2000000:2000000:2000000:2000000:2000000:2000000:725000:725000
596507.39,-192000,4005000,230,Discharging,2000000:2000000:2000000:2000000:2000000:2000000:725000:725000
596508.42,-222000,4005000,230,Discharging,2000000:2000000:2000000:2000000:2000000:2000000:725000:725000
596509.44,-214000,4005000,230,Discharging,2000000:2000000:2000000:2000000:2000000:2000000:725000:725000
596510.47,-216000,4005000,230,Discharging,2000000:2000000:2000000:2000000:2000000:2000000:725000:725000
596511.49,-220000,4005000,230,Discharging,2000000:2000000:2000000:2000000:2000000:2000000:725000:725000
596512.52,-219000,4005000,240,Discharging,2000000:2000000:2000000:2000000:2000000:2000000:725000:725000
596513.55,-231000,4012000,230,Discharging,2000000:2000000:2000000:2000000:2000000:2000000:725000:725000
596514.57,-215000,4012000,230,Discharging,2000000:2000000:2000000:2000000:2000000:2000000:725000:725000
596515.60,-214000,4012000,230,Discharging,2000000:2000000:2000000:2000000:2000000:2000000:725000:725000
596516.63,-221000,4012000,230,Discharging,2000000:2000000:2000000:2000000:2000000:2000000:725000:725000
596517.65,-224000,4012000,230,Discharging,2000000:2000000:2000000:2000000:2000000:2000000:725000:725000
596518.68,-222000,4012000,230,Discharging,2000000:2000000:2000000:2000000:2000000:2000000:725000:725000
596519.71,-225000,4012000,230,Discharging,2000000:2000000:2000000:2000000:2000000:2000000:725000:725000
596520.73,-213000,4012000,230,Discharging,2000000:2000000:2000000:2000000:2000000:2000000:725000:725000
596521.76,-221000,4012000,230,Discharging,2000000:2000000:2000000:2000000:2000000:2000000:725000:725000
596522.79,-237000,4012000,230,Discharging,2000000:2000000:2000000:2000000:2000000:2000000:725000:725000
596523.82,-218000,4012000,230,Discharging,2000000:2000000:2000000:2000000:2000000:2000000:725000:725000
596524.84,-222000,4012000,230,Discharging,2000000:2000000:2000000:2000000:2000000:2000000:725000:725000
596525.87,-218000,4012000,230,Discharging,2000000:2000000:2000000:2000000:2000000:2000000:725000:725000
596526.90,-216000,4012000,230,Discharging,2000000:2000000:2000000:2000000:2000000:2000000:725000:725000
596527.92,-223000,4010000,230,Discharging,2000000:2000000:2000000:2000000:2000000:2000000:725000:725000
596528.95,-216000,4010000,230,Discharging,2000000:2000000:2000000:2000000:2000000:2000000:725000:725000
596529.98,-215000,4010000,230,Discharging,2000000:2000000:2000000:2000000:2000000:2000000:725000:725000
596531.01,-219000,4010000,230,Discharging,2000000:2000000:2000000:2000000:2000000:2000000:725000:725000
596532.03,-221000,4010000,240,Discharging,2000000:2000000:2000000:2000000:2000000:2000000:725000:725000
596533.06,-220000,4010000,230,Discharging,2000000:2000000:2000000:2000000:2000000:2000000:725000:725000
596534.09,-221000,4010000,230,Discharging,2000000:2000000:2000000:2000000:2000000:2000000:725000:725000
596535.11,-220000,4010000,230,Discharging,2000000:2000000:2000000:2000000:2000000:2000000:725000:725000
596536.14,-217000,4010000,230,Discharging,2000000:2000000:2000000:2000000:2000000:2000000:725000:725000
596537.17,-226000,4010000,230,Discharging,2000000:2000000:2000000:2000000:2000000:2000000:725000:725000
596538.19,-218000,4010000,230,Discharging,2000000:2000000:2000000:2000000:2000000:2000000:725000:725000
596539.22,-215000,4010000,230,Discharging,2000000:2000000:2000000:2000000:2000000:2000000:725000:725000
596540.25,-219000,4010000,230,Discharging,2000000:2000000:2000000:2000000:2000000:2000000:725000:725000
596541.27,-219000,4010000,240,Discharging,2000000:2000000:2000000:2000000:2000000:2000000:725000:725000
596542.30,-219000,4010000,240,Discharging,2000000:2000000:2000000:2000000:2000000:2000000:725000:725000
596543.33,-228000,4010000,240,Discharging,2000000:2000000:2000000:2000000:2000000:2000000:725000:725000
596544.36,-217000,4010000,240,Discharging,2000000:2000000:2000000:2000000:2000000:2000000:725000:725000
596545.38,-217000,4010000,240,Discharging,2000000:2000000:2000000:2000000:2000000:2000000:725000:725000
596546.41,-219000,4010000,240,Discharging,2000000:2000000:2000000:2000000:2000000:2000000:725000:725000
596547.44,-217000,4010000,240,Discharging,2000000:2000000:2000000:2000000:2000000:2000000:725000:725000
596548.46,-222000,4010000,240,Discharging,2000000:2000000:2000000:2000000:2000000:2000000:725000:725000
596549.49,-221000,4010000,240,Discharging,2000000:2000000:2000000:2000000:2000000:2000000:725000:725000
596550.52,-215000,4010000,240,Discharging,2000000:2000000:2000000:2000000:2000000:2000000:725000:725000
596551.55,-217000,4010000,240,Discharging,2000000:2000000:2000000:2000000:2000000:2000000:725000:725000
596552.57,-225000,4010000,240,Discharging,2000000:2000000:2000000:2000000:2000000:2000000:725000:725000
596553.60,-228000,4007000,240,Discharging,2000000:2000000:2000000:2000000:2000000:2000000:725000:725000
596554.63,-246000,4007000,240,Discharging,2000000:2000000:2000000:2000000:2000000:2000000:725000:725000
596555.66,-236000,4007000,240,Discharging,2000000:2000000:2000000:2000000:2000000:2000000:725000:725000
596556.69,-238000,4007000,240,Discharging,2000000:2000000:2000000:2000000:2000000:2000000:725000:725000
596557.71,-283000,4007000,240,Discharging,2000000:2000000:2000000:2000000:2000000:2000000:725000:725000
596558.75,-260000,4007000,240,Discharging,2000000:2000000:2000000:2000000:2000000:2000000:725000:725000
596559.78,-260000,4007000,240,Discharging,2000000:2000000:2000000:2000000:2000000:2000000:725000:725000
596560.81,-252000,4007000,240,Discharging,2000000:2000000:2000000:2000000:2000000:2000000:725000:725000
596561.84,-262000,4007000,240,Discharging,2000000:2000000:2000000:2000000:2000000:2000000:725000:725000
596562.87,-260000,4007000,240,Discharging,2000000:2000000:2000000:2000000:2000000:2000000:725000:725000
596563.90,-274000,4007000,240,Discharging,2000000:2000000:2000000:2000000:2000000:2000000:725000:725000
596564.93,-278000,4007000,240,Discharging,2000000:2000000:2000000:2000000:2000000:2000000:725000:725000
596565.96,-253000,4007000,240,Discharging,2000000:2000000:2000000:2000000:2000000:2000000:725000:725000
596566.99,-257000,4007000,240,Discharging,2000000:2000000:2000000:2000000:2000000:2000000:725000:725000
596568.03,-256000,4007000,240,Discharging,2000000:2000000:2000000:2000000:2000000:2000000:725000:725000
596569.06,-271000,4007000,240,Discharging,2000000:2000000:2000000:2000000:2000000:2000000:725000:725000
596570.09,-274000,4000000,240,Discharging,2000000:2000000:2000000:2000000:2000000:2000000:725000:725000
596571.12,-260000,4000000,240,Discharging,2000000:2000000:2000000:2000000:2000000:2000000:725000:725000
596572.15,-262000,4000000,240,Discharging,2000000:2000000:2000000:2000000:2000000:2000000:725000:725000
596573.18,-253000,4000000,240,Discharging,2000000:2000000:2000000:2000000:2000000:2000000:725000:725000
596574.20,-253000,4000000,240,Discharging,2000000:2000000:2000000:2000000:2000000:2000000:725000:725000
596575.23,-267000,4000000,240,Discharging,2000000:2000000:2000000:2000000:2000000:2000000:725000:725000
596576.26,-275000,4000000,240,Discharging,2000000:2000000:2000000:2000000:2000000:2000000:725000:725000
596577.29,-267000,4000000,240,Discharging,2000000:2000000:2000000:2000000:2000000:2000000:725000:725000
596578.32,-271000,4000000,240,Discharging,2000000:2000000:2000000:2000000:2000000:2000000:725000:725000
596579.35,-260000,4000000,240,Discharging,2000000:2000000:2000000:2000000:2000000:2000000:725000:725000
596580.38,-260000,4000000,240,Discharging,2000000:2000000:2000000:2000000:2000000:2000000:725000:725000
596581.42,-256000,4000000,240,Discharging,2000000:2000000:2000000:2000000:2000000:2000000:725000:725000
596582.45,-274000,4000000,240,Discharging,2000000:2000000:2000000:2000000:2000000:2000000:725000:725000
596583.47,-281000,4000000,240,Discharging,2000000:2000000:2000000:2000000:2000000:2000000:725000:725000
596584.50,-273000,4000000,240,Discharging,2000000:2000000:2000000:2000000:2000000:2000000:725000:725000
596585.53,-266000,4000000,240,Discharging,2000000:2000000:2000000:2000000:2000000:2000000:725000:725000
596586.57,-254000,4000000,240,Discharging,2000000:2000000:2000000:2000000:2000000:2000000:725000:725000
596587.60,-269000,4000000,240,Discharging,2000000:2000000:2000000:2000000:2000000:2000000:725000:725000
596588.63,-261000,4000000,240,Discharging,2000000:2000000:2000000:2000000:2000000:2000000:725000:725000
596589.66,-274000,4000000,240,Discharging,2000000:2000000:2000000:2000000:2000000:2000000:725000:725000
596590.69,-277000,4000000,240,Discharging,2000000:2000000:2000000:2000000:2000000:2000000:725000:725000
596591.72,-277000,4000000,240,Discharging,2000000:2000000:2000000:2000000:2000000:2000000:725000:725000
596592.75,-262000,4000000,240,Discharging,2000000:2000000:2000000:2000000:2000000:2000000:725000:725000
596593.78,-278000,4000000,240,Discharging,2000000:2000000:2000000:2000000:2000000:2000000:725000:725000
596594.81,-278000,4000000,240,Discharging,2000000:2000000:2000000:2000000:2000000:2000000:725000:725000
596595.84,-274000,4000000,240,Discharging,2000000:2000000:2000000:2000000:2000000:2000000:725000:725000
596596.87,-275000,4000000,240,Discharging,2000000:2000000:2000000:2000000:2000000:2000000:725000:725000
596597.90,-264000,3997000,240,Discharging,2000000:2000000:2000000:2000000:2000000:2000000:725000:725000
596598.93,-270000,3997000,240,Discharging,2000000:2000000:2000000:2000000:2000000:2000000:725000:725000
596599.96,-257000,3997000,240,Discharging,2000000:2000000:2000000:2000000:2000000:2000000:725000:725000
596601.00,-270000,3997000,240,Discharging,2000000:2000000:2000000:2000000:2000000:2000000:725000:725000
596602.03,-274000,3997000,240,Discharging,2000000:2000000:2000000:2000000:2000000:2000000:725000:725000
596603.06,-273000,3997000,240,Discharging,2000000:2000000:2000000:2000000:2000000:2000000:725000:725000
596604.08,-272000,3997000,240,Discharging,2000000:2000000:2000000:2000000:2000000:2000000:725000:725000
596605.11,-268000,3997000,240,Discharging,2000000:2000000:2000000:2000000:2000000:2000000:725000:725000
596606.14,-264000,3997000,240,Discharging,2000000:2000000:2000000:2000000:2000000:2000000:725000:725000
596607.18,-275000,3997000,240,Discharging,2000000:2000000:2000000:2000000:2000000:2000000:725000:725000
596608.21,-272000,3997000,240,Discharging,2000000:2000000:2000000:2000000:2000000:2000000:725000:725000
596609.24,-272000,3997000,240,Discharging,2000000:2000000:2000000:2000000:2000000:2000000:725000:725000
596610.26,-271000,3997000,240,Discharging,2000000:2000000:2000000:2000000:2000000:2000000:725000:725000
596611.30,-281000,4000000,240,Discharging,2000000:2000000:2000000:2000000:2000000:2000000:725000:725000
596612.33,-258000,4000000,240,Discharging,2000000:2000000:2000000:2000000:2000000:2000000:725000:725000
596613.36,-266000,4000000,240,Discharging,2000000:2000000:2000000:2000000:2000000:2000000:725000:725000
596614.39,-266000,4000000,240,Discharging,2000000:2000000:2000000:2000000:2000000:2000000:725000:725000
596615.42,-273000,4000000,240,Discharging,2000000:2000000:2000000:2000000:2000000:2000000:725000:725000
596616.45,-275000,4000000,240,Discharging,2000000:2000000:2000000:2000000:2000000:2000000:725000:725000
596617.48,-274000,4000000,240,Discharging,2000000:2000000:2000000:2000000:2000000:2000000:725000:725000
596618.50,-263000,4000000,240,Discharging,2000000:2000000:2000000:2000000:2000000:2000000:725000:725000
596619.53,-259000,4000000,240,Discharging,2000000:2000000:2000000:2000000:2000000:2000000:725000:725000
596620.56,-271000,4000000,240,Discharging,2000000:2000000:2000000:2000000:2000000:2000000:725000:725000
596621.59,-269000,4000000,240,Discharging,2000000:2000000:2000000:2000000:2000000:2000000:725000:725000
596622.62,-276000,4000000,240,Discharging,2000000:2000000:2000000:2000000:2000000:2000000:725000:725000
596623.64,-257000,4000000,240,Discharging,2000000:2000000:2000000:2000000:2000000:2000000:725000:725000
596624.68,-255000,3997000,240,Discharging,2000000:2000000:2000000:2000000:2000000:2000000:725000:725000
596625.71,-256000,3997000,240,Discharging,2000000:2000000:2000000:2000000:2000000:2000000:725000:725000
596626.74,-266000,3997000,240,Discharging,2000000:2000000:2000000:2000000:2000000:2000000:725000:725000
596627.77,-267000,3997000,240,Discharging,2000000:2000000:2000000:2000000:2000000:2000000:725000:725000
596628.80,-274000,3997000,240,Discharging,2000000:2000000:2000000:2000000:2000000:2000000:725000:725000
596629.83,-258000,3997000,240,Discharging,2000000:2000000:2000000:2000000:2000000:2000000:725000:725000
596630.86,-255000,3997000,240,Discharging,2000000:2000000:2000000:2000000:2000000:2000000:725000:725000
596631.90,-258000,3997000,240,Discharging,2000000:2000000:2000000:2000000:2000000:2000000:725000:725000
596632.93,-261000,3997000,240,Discharging,2000000:2000000:2000000:2000000:2000000:2000000:725000:725000
596633.96,-268000,3997000,240,Discharging,2000000:2000000:2000000:2000000:2000000:2000000:725000:725000
596634.99,-267000,3997000,240,Discharging,2000000:2000000:2000000:2000000:2000000:2000000:725000:725000
596636.02,-271000,3997000,240,Discharging,2000000:2000000:2000000:2000000:2000000:2000000:725000:725000
596637.05,-261000,3997000,240,Discharging,2000000:2000000:2000000:2000000:2000000:2000000:725000:725000
596638.08,-267000,3992000,240,Discharging,2000000:2000000:2000000:2000000:2000000:2000000:725000:725000
596639.11,-282000,3992000,240,Discharging,2000000:2000000:2000000:2000000:2000000:2000000:725000:725000
596640.15,-263000,3992000,240,Discharging,2000000:2000000:2000000:2000000:2000000:2000000:725000:725000
596641.18,-271000,3992000,240,Discharging,2000000:2000000:2000000:2000000:2000000:2000000:725000:725000
596642.20,-266000,3992000,240,Discharging,2000000:2000000:2000000:2000000:2000000:2000000:725000:725000
596643.23,-263000,3992000,240,Discharging,2000000:2000000:2000000:2000000:2000000:2000000:725000:725000
596644.26,-265000,3992000,240,Discharging,2000000:2000000:2000000:2000000:2000000:2000000:725000:725000
596645.29,-259000,3992000,240,Discharging,2000000:2000000:2000000:2000000:2000000:2000000:725000:725000
596646.33,-256000,3992000,240,Discharging,2000000:2000000:2000000:2000000:2000000:2000000:725000:725000
596647.36,-267000,3992000,240,Discharging,2000000:2000000:2000000:2000000:2000000:2000000:725000:725000
596648.39,-274000,3992000,240,Discharging,2000000:2000000:2000000:2000000:2000000:2000000:725000:725000
596649.42,-265000,3992000,240,Discharging,2000000:2000000:2000000:2000000:2000000:2000000:725000:725000
596650.44,-266000,3992000,240,Discharging,2000000:2000000:2000000:2000000:2000000:2000000:725000:725000
596651.47,-253000,3992000,240,Discharging,2000000:2000000:2000000:2000000:2000000:2000000:725000:725000
596652.50,-256000,4000000,240,Discharging,2000000:2000000:2000000:2000000:2000000:2000000:725000:725000
596653.53,-258000,4000000,240,Discharging,2000000:2000000:2000000:2000000:2000000:2000000:725000:725000
596654.56,-271000,4000000,240,Discharging,2000000:2000000:2000000:2000000:2000000:2000000:725000:725000
596655.59,-271000,4000000,240,Discharging,2000000:2000000:2000000:2000000:2000000:2000000:725000:725000
596656.62,-257000,4000000,240,Discharging,2000000:2000000:2000000:2000000:2000000:2000000:725000:725000
596657.66,-260000,4000000,240,Discharging,2000000:2000000:2000000:2000000:2000000:2000000:725000:725000
596658.69,-259000,4000000,240,Discharging,2000000:2000000:2000000:2000000:2000000:2000000:725000:725000
596659.72,-271000,4000000,240,Discharging,2000000:2000000:2000000:2000000:2000000:2000000:725000:725000
596660.75,-275000,4000000,240,Discharging,2000000:2000000:2000000:2000000:2000000:2000000:725000:725000
596661.78,-273000,4000000,240,Discharging,2000000:2000000:2000000:2000000:2000000:2000000:725000:725000
596662.81,-267000,4000000,240,Discharging,2000000:2000000:2000000:2000000:2000000:2000000:725000:725000
596663.84,-264000,4000000,240,Discharging,2000000:2000000:2000000:2000000:2000000:2000000:725000:725000
596664.87,-258000,4000000,240,Discharging,2000000:2000000:2000000:2000000:2000000:2000000:725000:725000
596665.90,-278000,3997000,240,Discharging,2000000:2000000:2000000:2000000:2000000:2000000:725000:725000
596666.93,-272000,3997000,240,Discharging,2000000:2000000:2000000:2000000:2000000:2000000:725000:725000
596667.96,-274000,3997000,240,Discharging,2000000:2000000:2000000:2000000:2000000:2000000:725000:725000
596668.99,-271000,3997000,240,Discharging,2000000:2000000:2000000:2000000:2000000:2000000:725000:725000
596670.02,-262000,3997000,240,Discharging,2000000:2000000:2000000:2000000:2000000:2000000:725000:725000
596671.05,-263000,3997000,240,Discharging,2000000:2000000:2000000:2000000:2000000:2000000:725000:725000
596672.09,-256000,3997000,240,Discharging,2000000:2000000:2000000:2000000:2000000:2000000:725000:725000
596673.12,-278000,3997000,240,Discharging,2000000:2000000:2000000:2000000:2000000:2000000:725000:725000
596674.15,-274000,3997000,240,Discharging,2000000:2000000:2000000:2000000:2000000:2000000:725000:725000
596675.18,-284000,3997000,240,Discharging,2000000:2000000:2000000:2000000:2000000:2000000:725000:725000
596676.21,-267000,3997000,240,Discharging,2000000:2000000:2000000:2000000:2000000:2000000:725000:725000
596677.24,-277000,3997000,240,Discharging,2000000:2000000:2000000:2000000:2000000:2000000:725000:725000
596678.27,-274000,3997000,240,Discharging,2000000:2000000:2000000:2000000:2000000:2000000:725000:725000
596679.30,-275000,3995000,240,Discharging,2000000:2000000:2000000:2000000:2000000:2000000:725000:725000
596680.33,-275000,3995000,240,Discharging,2000000:2000000:2000000:2000000:2000000:2000000:725000:725000
596681.36,-268000,3995000,240,Discharging,2000000:2000000:2000000:2000000:2000000:2000000:725000:725000
596682.39,-271000,3995000,240,Discharging,2000000:2000000:2000000:2000000:2000000:2000000:725000:725000
596683.42,-263000,3995000,240,Discharging,2000000:2000000:2000000:2000000:2000000:2000000:725000:725000
596684.45,-268000,3995000,240,Discharging,2000000:2000000:2000000:2000000:2000000:2000000:725000:725000
596685.47,-275000,3995000,240,Discharging,2000000:2000000:2000000:2000000:2000000:2000000:725000:725000
596686.50,-277000,3995000,240,Discharging,2000000:2000000:2000000:2000000:2000000:2000000:725000:725000
596687.53,-273000,3995000,240,Discharging,2000000:2000000:2000000:2000000:2000000:2000000:725000:725000
596688.57,-274000,3995000,240,Discharging,2000000:2000000:2000000:2000000:2000000:2000000:725000:725000
596689.60,-266000,3995000,240,Discharging,2000000:2000000:2000000:2000000:2000000:2000000:725000:725000
596690.63,-281000,3995000,240,Discharging,2000000:2000000:2000000:2000000:2000000:2000000:725000:725000
596691.66,-273000,3995000,240,Discharging,2000000:2000000:2000000:2000000:2000000:2000000:725000:725000
596692.69,-275000,3992000,240,Discharging,2000000:2000000:2000000:2000000:2000000:2000000:725000:725000
596693.72,-274000,3992000,240,Discharging,2000000:2000000:2000000:2000000:2000000:2000000:725000:725000
596694.75,-271000,3992000,240,Discharging,2000000:2000000:2000000:2000000:2000000:2000000:725000:725000
596695.79,-262000,3992000,240,Discharging,2000000:2000000:2000000:2000000:2000000:2000000:725000:725000
596696.82,-268000,3992000,240,Discharging,2000000:2000000:2000000:2000000:2000000:2000000:725000:725000
596697.85,-273000,3992000,240,Discharging,2000000:2000000:2000000:2000000:2000000:2000000:725000:725000
596698.88,-274000,3992000,240,Discharging,2000000:2000000:2000000:2000000:2000000:2000000:725000:725000
596699.91,-274000,3992000,240,Discharging,2000000:2000000:2000000:2000000:2000000:2000000:725000:725000
596700.93,-274000,3992000,240,Discharging,2000000:2000000:2000000:2000000:2000000:2000000:725000:725000
596701.96,-269000,3992000,240,Discharging,2000000:2000000:2000000:2000000:2000000:2000000:725000:725000
596702.99,-269000,3992000,240,Discharging,2000000:2000000:2000000:2000000:2000000:2000000:725000:725000
596704.02,-280000,3995000,240,Discharging,2000000:2000000:2000000:2000000:2000000:2000000:725000:725000
596705.05,-274000,3995000,240,Discharging,2000000:2000000:2000000:2000000:2000000:2000000:725000:725000
596706.08,-281000,3995000,240,Discharging,2000000:2000000:2000000:2000000:2000000:2000000:725000:725000
596707.11,-264000,3992000,240,Discharging,2000000:2000000:2000000:2000000:2000000:2000000:725000:725000
596708.14,-271000,3992000,240,Discharging,2000000:2000000:2000000:2000000:2000000:2000000:725000:725000
596709.17,-256000,3992000,240,Discharging,2000000:2000000:2000000:2000000:2000000:2000000:725000:725000
596710.20,-269000,3992000,240,Discharging,2000000:2000000:2000000:2000000:2000000:2000000:725000:725000
596711.23,-264000,3992000,240,Discharging,2000000:2000000:2000000:2000000:2000000:2000000:725000:725000
596712.26,-274000,3992000,240,Discharging,2000000:2000000:2000000:2000000:2000000:2000000:725000:725000
596713.29,-257000,3992000,240,Discharging,2000000:2000000:2000000:2000000:2000000:2000000:725000:725000
596714.32,-253000,3992000,240,Discharging,2000000:2000000:2000000:2000000:2000000:2000000:725000:725000
596715.35,-263000,3992000,240,Discharging,2000000:2000000:2000000:2000000:2000000:2000000:725000:725000
596716.38,-260000,3992000,240,Discharging,2000000:2000000:2000000:2000000:2000000:2000000:725000:725000
596717.41,-274000,3992000,240,Discharging,2000000:2000000:2000000:2000000:2000000:2000000:725000:725000
596718.44,-278000,3992000,240,Discharging,2000000:2000000:2000000:2000000:2000000:2000000:725000:725000
596719.47,-277000,3992000,240,Discharging,2000000:2000000:2000000:2000000:2000000:2000000:725000:725000
596720.50,-263000,3992000,240,Discharging,2000000:2000000:2000000:2000000:2000000:2000000:725000:725000
596721.53,-259000,3992000,240,Discharging,2000000:2000000:2000000:2000000:2000000:2000000:725000:725000
596722.56,-256000,3992000,240,Discharging,2000000:2000000:2000000:2000000:2000000:2000000:725000:725000
596723.59,-272000,3992000,240,Discharging,2000000:2000000:2000000:2000000:2000000:2000000:725000:725000
596724.62,-265000,3992000,240,Discharging,2000000:2000000:2000000:2000000:2000000:2000000:725000:725000
596725.64,-263000,3992000,240,Discharging,2000000:2000000:2000000:2000000:2000000:2000000:725000:725000
596726.68,-256000,3992000,240,Discharging,2000000:2000000:2000000:2000000:2000000:2000000:725000:725000
596727.71,-256000,3992000,240,Discharging,2000000:2000000:2000000:2000000:2000000:2000000:725000:725000
596728.74,-272000,3992000,240,Discharging,2000000:2000000:2000000:2000000:2000000:2000000:725000:725000
596729.77,-262000,3992000,240,Discharging,2000000:2000000:2000000:2000000:2000000:2000000:725000:725000
596730.80,-314000,3992000,240,Discharging,2000000:2000000:2000000:2000000:2000000:2000000:725000:725000
596731.83,-268000,3992000,240,Discharging,2000000:2000000:2000000:2000000:2000000:2000000:725000:725000
596732.86,-258000,3992000,240,Discharging,2000000:2000000:2000000:2000000:2000000:2000000:725000:725000
596733.89,-269000,3992000,240,Discharging,2000000:2000000:2000000:2000000:2000000:2000000:725000:725000
596734.93,-259000,3992000,240,Discharging,2000000:2000000:2000000:2000000:2000000:2000000:725000:725000
596735.96,-269000,3992000,240,Discharging,2000000:2000000:2000000:2000000:2000000:2000000:725000:725000
596736.99,-267000,3992000,240,Discharging,2000000:2000000:2000000:2000000:2000000:2000000:725000:725000
596738.02,-270000,3992000,240,Discharging,2000000:2000000:2000000:2000000:2000000:2000000:725000:725000
596739.04,-266000,3992000,240,Discharging,2000000:2000000:2000000:2000000:2000000:2000000:725000:725000
596740.08,-254000,3992000,240,Discharging,2000000:2000000:2000000:2000000:2000000:2000000:725000:725000
596741.11,-256000,3992000,240,Discharging,2000000:2000000:2000000:2000000:2000000:2000000:725000:725000
596742.14,-260000,3992000,240,Discharging,2000000:2000000:2000000:2000000:2000000:2000000:725000:725000
596743.17,-276000,3992000,240,Discharging,2000000:2000000:2000000:2000000:2000000:2000000:725000:725000
596744.20,-273000,3992000,240,Discharging,2000000:2000000:2000000:2000000:2000000:2000000:725000:725000
596745.23,-271000,3992000,240,Discharging,2000000:2000000:2000000:2000000:2000000:2000000:725000:725000
596746.26,-260000,3992000,240,Discharging,2000000:2000000:2000000:2000000:2000000:2000000:725000:725000
596747.29,-263000,3992000,240,Discharging,2000000:2000000:2000000:2000000:2000000:2000000:725000:725000
596748.32,-258000,3992000,240,Discharging,2000000:2000000:2000000:2000000:2000000:2000000:725000:725000
596749.35,-277000,3992000,240,Discharging,2000000:2000000:2000000:2000000:2000000:2000000:725000:725000
596750.38,-276000,3992000,240,Discharging,2000000:2000000:2000000:2000000:2000000:2000000:725000:725000
596751.41,-263000,3992000,240,Discharging,2000000:2000000:2000000:2000000:2000000:2000000:725000:725000
596752.44,-267000,3992000,240,Discharging,2000000:2000000:2000000:2000000:2000000:2000000:725000:725000
596753.47,-254000,3992000,240,Discharging,2000000:2000000:2000000:2000000:2000000:2000000:725000:725000
596754.50,-256000,3992000,240,Discharging,2000000:2000000:2000000:2000000:2000000:2000000:725000:725000
596755.53,-273000,3992000,250,Discharging,2000000:2000000:2000000:2000000:2000000:2000000:725000:725000
596756.56,-275000,3992000,250,Discharging,2000000:2000000:2000000:2000000:2000000:2000000:725000:725000
596757.60,-269000,3992000,250,Discharging,2000000:2000000:2000000:2000000:2000000:2000000:1400000:1400000
596758.62,-272000,3992000,250,Discharging,2000000:2000000:2000000:2000000:2000000:2000000:725000:725000
596759.65,-258000,3992000,250,Discharging,2000000:2000000:2000000:2000000:2000000:2000000:725000:725000
596760.68,-278000,3992000,250,Discharging,2000000:2000000:2000000:2000000:2000000:2000000:725000:725000
596761.71,-333000,3992000,250,Discharging,2000000:2000000:2000000:2000000:2000000:2000000:725000:725000
596762.74,-279000,3992000,250,Discharging,2000000:2000000:2000000:2000000:2000000:2000000:725000:725000
596763.77,-271000,3992000,250,Discharging,2000000:2000000:2000000:2000000:2000000:2000000:725000:725000
596764.80,-265000,3992000,250,Discharging,2000000:2000000:2000000:2000000:2000000:2000000:725000:725000
596765.83,-264000,3992000,250,Discharging,2000000:2000000:2000000:2000000:2000000:2000000:725000:725000
596766.86,-268000,3992000,250,Discharging,2000000:2000000:2000000:2000000:2000000:2000000:725000:725000
596767.89,-274000,3992000,250,Discharging,2000000:2000000:2000000:2000000:2000000:2000000:725000:725000
596768.92,-279000,3992000,250,Discharging,2000000:2000000:2000000:2000000:2000000:2000000:725000:725000
596769.94,-276000,3992000,250,Discharging,2000000:2000000:2000000:2000000:2000000:2000000:725000:725000
596770.98,-271000,3992000,250,Discharging,2000000:2000000:2000000:2000000:2000000:2000000:725000:725000
596772.01,-278000,3992000,250,Discharging,2000000:2000000:2000000:2000000:2000000:2000000:725000:725000
596773.04,-259000,3992000,250,Discharging,2000000:2000000:2000000:2000000:2000000:2000000:725000:725000
596774.07,-281000,3992000,250,Discharging,2000000:2000000:2000000:2000000:2000000:2000000:725000:725000
596775.10,-276000,3992000,250,Discharging,2000000:2000000:2000000:2000000:2000000:2000000:725000:725000
596776.13,-271000,3992000,250,Discharging,2000000:2000000:2000000:2000000:2000000:2000000:725000:725000
596777.16,-271000,3992000,250,Discharging,2000000:2000000:2000000:2000000:2000000:2000000:725000:725000
596778.19,-262000,3992000,250,Discharging,2000000:2000000:2000000:2000000:2000000:2000000:725000:725000
596779.23,-270000,3992000,250,Discharging,2000000:2000000:2000000:2000000:2000000:2000000:725000:725000
596780.26,-283000,3992000,250,Discharging,2000000:2000000:2000000:2000000:2000000:2000000:725000:725000
596781.29,-278000,3992000,250,Discharging,2000000:2000000:2000000:2000000:2000000:2000000:725000:725000
596782.32,-275000,3992000,250,Discharging,2000000:2000000:2000000:2000000:2000000:2000000:725000:725000
596783.35,-276000,3992000,250,Discharging,2000000:2000000:2000000:2000000:2000000:2000000:725000:725000
596784.38,-269000,3992000,250,Discharging,2000000:2000000:2000000:2000000:2000000:2000000:725000:725000
596785.42,-281000,3992000,250,Discharging,2000000:2000000:2000000:2000000:2000000:2000000:725000:725000
596786.45,-276000,3992000,250,Discharging,2000000:2000000:2000000:2000000:2000000:2000000:725000:725000
596787.48,-278000,3992000,250,Discharging,2000000:2000000:2000000:2000000:2000000:2000000:725000:725000
596788.50,-276000,3992000,250,Discharging,2000000:2000000:2000000:2000000:2000000:2000000:725000:725000
596789.53,-271000,3992000,250,Discharging,2000000:2000000:2000000:2000000:2000000:2000000:725000:725000
596790.57,-263000,3992000,250,Discharging,2000000:2000000:2000000:2000000:2000000:2000000:725000:725000
596791.60,-258000,3992000,250,Discharging,2000000:2000000:2000000:2000000:2000000:2000000:725000:725000
596792.63,-273000,3992000,250,Discharging,2000000:2000000:2000000:2000000:2000000:2000000:725000:725000
596793.66,-278000,3992000,250,Discharging,2000000:2000000:2000000:2000000:2000000:2000000:725000:725000
596794.69,-277000,3992000,250,Discharging,2000000:2000000:2000000:2000000:2000000:2000000:725000:725000
596795.72,-268000,3992000,250,Discharging,2000000:2000000:2000000:2000000:2000000:2000000:725000:725000
596796.76,-275000,3992000,250,Discharging,2000000:2000000:2000000:2000000:2000000:2000000:725000:725000
596797.79,-281000,3992000,250,Discharging,2000000:2000000:2000000:2000000:2000000:2000000:725000:725000
596798.82,-274000,3992000,250,Discharging,2000000:2000000:2000000:2000000:2000000:2000000:725000:725000
596799.85,-277000,3992000,250,Discharging,2000000:2000000:2000000:2000000:2000000:2000000:725000:725000
596800.88,-273000,3992000,250,Discharging,2000000:2000000:2000000:2000000:2000000:2000000:725000:725000
596801.91,-276000,3992000,250,Discharging,2000000:2000000:2000000:2000000:2000000:2000000:725000:725000
596802.94,-267000,3992000,250,Discharging,2000000:2000000:2000000:2000000:2000000:2000000:725000:725000
596803.97,-265000,3992000,250,Discharging,2000000:2000000:2000000:2000000:2000000:2000000:725000:725000
596805.02,-319000,3992000,250,Discharging,2000000:2000000:2000000:2000000:2000000:2000000:725000:725000
596807.72,-12000,3992000,250,Discharging,2000000:2000000:2000000:2000000:2000000:2000000:725000:725000
596809.49,-10000,3992000,250,Discharging,2000000:2000000:2000000:2000000:2000000:2000000:725000:725000
596812.42,-19000,3992000,250,Discharging,2000000:2000000:2000000:2000000:2000000:2000000:725000:725000
596815.93,-67000,3992000,250,Discharging,2000000:2000000:2000000:2000000:2000000:2000000:725000:725000
596818.60,-11000,3992000,250,Discharging,2000000:2000000:2000000:2000000:2000000:2000000:725000:725000
596821.23,-10000,3992000,250,Discharging,2000000:2000000:2000000:2000000:2000000:2000000:725000:725000
596823.75,-20000,3992000,250,Discharging,2000000:2000000:2000000:2000000:2000000:2000000:725000:725000
596827.06,-85000,3992000,250,Discharging,2000000:2000000:2000000:2000000:2000000:2000000:800000:800000
596829.72,-10000,3992000,250,Discharging,2000000:2000000:2000000:2000000:2000000:2000000:725000:725000
596831.19,-217000,3992000,250,Discharging,2000000:2000000:2000000:2000000:2000000:2000000:725000:725000
596834.31,-53000,3992000,250,Discharging,2000000:2000000:2000000:2000000:2000000:2000000:725000:725000
596836.97,-45000,3992000,250,Discharging,2000000:2000000:2000000:2000000:2000000:2000000:725000:725000
596839.68,-92000,3992000,250,Discharging,2000000:2000000:2000000:2000000:2000000:2000000:725000:725000
596842.20,-99000,3992000,250,Discharging,2000000:2000000:2000000:2000000:2000000:2000000:725000:725000
596845.69,-172000,3992000,250,Discharging,2000000:2000000:2000000:2000000:2000000:2000000:1000000:1000000
596847.47,-60000,3992000,250,Discharging,2000000:2000000:2000000:2000000:2000000:2000000:725000:725000
596849.98,-10000,3992000,250,Discharging,2000000:2000000:2000000:2000000:2000000:2000000:725000:725000
596851.63,-224000,3992000,250,Discharging,2000000:2000000:2000000:2000000:2000000:2000000:725000:725000
596854.99,-17000,3992000,250,Discharging,2000000:2000000:2000000:2000000:2000000:2000000:725000:725000
596856.46,-142000,3992000,250,Discharging,2000000:2000000:2000000:2000000:2000000:2000000:725000:725000
596859.37,-61000,3992000,250,Discharging,2000000:2000000:2000000:2000000:2000000:2000000:725000:725000
596861.68,-128000,3992000,250,Discharging,2000000:2000000:2000000:2000000:2000000:2000000:725000:725000
596863.25,-67000,3992000,250,Discharging,2000000:2000000:2000000:2000000:2000000:2000000:725000:725000
596866.23,-10000,3992000,250,Discharging,2000000:2000000:2000000:2000000:2000000:2000000:725000:725000
596868.74,-80000,3992000,250,Discharging,2000000:2000000:2000000:2000000:2000000:2000000:900000:900000
596870.61,-199000,3992000,250,Discharging,2000000:2000000:2000000:2000000:2000000:2000000:725000:725000
596873.85,-57000,3992000,250,Discharging,2000000:2000000:2000000:2000000:2000000:2000000:800000:800000
596876.52,-9000,3992000,250,Discharging,2000000:2000000:2000000:2000000:2000000:2000000:725000:725000
596879.22,-12000,3992000,250,Discharging,2000000:2000000:2000000:2000000:2000000:2000000:725000:725000
596881.73,-9000,3992000,250,Discharging,2000000:2000000:2000000:2000000:2000000:2000000:725000:725000
596883.06,-174000,3992000,250,Discharging,2000000:2000000:2000000:2000000:2000000:2000000:725000:725000
596886.76,-31000,3992000,250,Discharging,2000000:2000000:2000000:2000000:2000000:2000000:725000:725000
596889.21,-144000,3992000,250,Discharging,2000000:2000000:2000000:2000000:2000000:2000000:725000:725000
596891.74,-74000,3992000,250,Discharging,2000000:2000000:2000000:2000000:2000000:2000000:725000:725000
596894.26,-10000,3992000,250,Discharging,2000000:2000000:2000000:2000000:2000000:2000000:725000:725000
596897.92,-10000,3992000,250,Discharging,2000000:2000000:2000000:2000000:2000000:2000000:1000000:1000000
596900.38,-82000,3992000,250,Discharging,2000000:2000000:2000000:2000000:2000000:2000000:900000:900000
596902.89,-118000,3992000,250,Discharging,2000000:2000000:2000000:2000000:2000000:2000000:725000:725000
596904.05,-101000,4030000,250,Discharging,2000000:2000000:2000000:2000000:2000000:2000000:1100000:1100000
596905.91,-169000,4030000,250,Discharging,2000000:2000000:2000000:2000000:2000000:2000000:725000:725000
596909.27,-55000,4030000,250,Discharging,2000000:2000000:2000000:2000000:2000000:2000000:725000:725000
596911.92,-124000,4030000,250,Discharging,2000000:2000000:2000000:2000000:2000000:2000000:725000:725000
596914.70,-89000,4030000,250,Discharging,2000000:2000000:2000000:2000000:2000000:2000000:725000:725000
596917.42,-212000,4030000,250,Discharging,2000000:2000000:2000000:2000000:2000000:2000000:725000:725000
596919.94,-121000,4030000,250,Discharging,2000000:2000000:2000000:2000000:2000000:2000000:725000:725000
596922.53,-79000,4030000,250,Discharging,2000000:2000000:2000000:2000000:2000000:2000000:725000:725000
596924.75,-12000,4030000,250,Discharging,2000000:2000000:2000000:2000000:2000000:2000000:2200000:2200000
596926.62,-251000,4030000,250,Discharging,2000000:2000000:2000000:2000000:2000000:2000000:725000:725000
596929.94,-179000,4030000,250,Discharging,2000000:2000000:2000000:2000000:2000000:2000000:725000:725000
596932.57,-14000,4030000,250,Discharging,2000000:2000000:2000000:2000000:2000000:2000000:725000:725000
596935.42,-12000,4030000,250,Discharging,2000000:2000000:2000000:2000000:2000000:2000000:725000:725000
596938.34,-123000,4030000,250,Discharging,2000000:2000000:2000000:2000000:2000000:2000000:725000:725000
596941.85,-9000,4030000,250,Discharging,2000000:2000000:2000000:2000000:2000000:2000000:1000000:1000000
596944.51,-10000,4030000,250,Discharging,2000000:2000000:2000000:2000000:2000000:2000000:725000:725000
596947.49,-13000,4030000,250,Discharging,2000000:2000000:2000000:2000000:2000000:2000000:725000:725000
596950.00,-9000,4030000,250,Discharging,2000000:2000000:2000000:2000000:2000000:2000000:725000:725000
596953.11,-10000,4030000,250,Discharging,2000000:2000000:2000000:2000000:2000000:2000000:800000:725000
596955.15,-33000,4030000,250,Discharging,2000000:2000000:2000000:2000000:2000000:2000000:725000:725000
596957.74,-14000,4030000,250,Discharging,2000000:2000000:2000000:2000000:2000000:2000000:725000:725000
596958.90,-183000,4030000,250,Discharging,2000000:2000000:2000000:2000000:2000000:2000000:725000:725000
596961.32,-30000,4030000,250,Discharging,2000000:2000000:2000000:2000000:2000000:2000000:1200000:1200000
596964.89,-9000,4030000,250,Discharging,2000000:2000000:2000000:2000000:2000000:2000000:900000:900000
596967.77,-10000,4030000,250,Discharging,2000000:2000000:2000000:2000000:2000000:2000000:725000:725000
596970.48,-25000,4030000,250,Discharging,2000000:2000000:2000000:2000000:2000000:2000000:725000:725000
596973.08,-9000,4030000,250,Discharging,2000000:2000000:2000000:2000000:2000000:2000000:725000:725000
596975.38,-10000,4030000,250,Discharging,2000000:2000000:2000000:2000000:2000000:2000000:725000:725000
596977.90,-201000,4030000,250,Discharging,2000000:2000000:2000000:2000000:2000000:2000000:725000:725000
596980.79,-125000,4030000,250,Discharging,2000000:2000000:2000000:2000000:2000000:2000000:725000:725000
596983.46,-36000,4030000,250,Discharging,2000000:2000000:2000000:2000000:2000000:2000000:725000:725000
596985.92,-10000,4030000,250,Discharging,2000000:2000000:2000000:2000000:2000000:2000000:725000:725000
596988.34,-10000,4030000,250,Discharging,2000000:2000000:2000000:2000000:2000000:2000000:725000:725000
596992.05,-11000,4030000,250,Discharging,2000000:2000000:2000000:2000000:2000000:2000000:725000:725000
596993.68,-67000,4030000,250,Discharging,2000000:2000000:2000000:2000000:2000000:2000000:725000:725000
596995.56,-104000,4030000,250,Discharging,500000:500000:500000:500000:500000:500000:725000:725000
596997.68,-40000,4030000,250,Discharging,500000:500000:500000:500000:500000:500000:725000:725000
596999.87,-36000,4030000,250,Discharging,500000:500000:500000:500000:500000:500000:725000:725000
597001.76,-14000,4030000,250,Discharging,2000000:2000000:2000000:2000000:2000000:2000000:725000:725000
597005.75,-14000,4030000,250,Discharging,2000000:2000000:2000000:2000000:2000000:2000000:2100000:2100000
597008.26,-60000,4030000,250,Discharging,2000000:2000000:2000000:2000000:2000000:2000000:725000:725000
597011.38,-9000,4030000,250,Discharging,2000000:2000000:2000000:2000000:2000000:2000000:725000:725000
597013.72,-42000,4022000,250,Discharging,2000000:2000000:2000000:2000000:2000000:2000000:725000:725000
597016.06,-21000,4022000,250,Discharging,2000000:2000000:2000000:2000000:2000000:2000000:725000:725000
597018.44,-122000,4022000,250,Discharging,2000000:2000000:2000000:2000000:2000000:2000000:725000:725000
597020.98,-12000,4022000,250,Discharging,2000000:2000000:2000000:2000000:2000000:2000000:725000:725000
597023.93,-55000,4022000,250,Discharging,2000000:2000000:2000000:2000000:2000000:2000000:725000:725000
597026.46,-51000,4022000,250,Discharging,2000000:2000000:2000000:2000000:2000000:2000000:725000:725000
597029.49,-26000,4022000,250,Discharging,2000000:2000000:2000000:2000000:2000000:2000000:725000:725000
597031.45,-58000,4022000,250,Discharging,2000000:2000000:2000000:2000000:2000000:2000000:800000:800000
597033.09,-46000,4022000,250,Discharging,2000000:2000000:2000000:2000000:2000000:2000000:725000:725000
597035.81,-56000,4022000,250,Discharging,2000000:2000000:2000000:2000000:2000000:2000000:725000:725000
597039.37,-16000,4022000,250,Discharging,2000000:2000000:2000000:2000000:2000000:2000000:725000:725000
597042.52,-139000,4022000,240,Discharging,2000000:2000000:2000000:2000000:2000000:2000000:725000:725000
597045.03,-96000,4022000,250,Discharging,2000000:2000000:2000000:2000000:2000000:2000000:725000:725000
597048.59,-9000,4022000,250,Discharging,2000000:2000000:2000000:2000000:2000000:2000000:725000:725000
597051.74,-59000,4022000,250,Discharging,2000000:2000000:2000000:2000000:2000000:2000000:725000:725000
597054.05,-91000,4022000,250,Discharging,2000000:2000000:2000000:2000000:2000000:2000000:725000:725000
597057.40,-33000,4022000,250,Discharging,2000000:2000000:2000000:2000000:2000000:2000000:725000:725000
597060.35,-53000,4022000,250,Discharging,2000000:2000000:2000000:2000000:2000000:2000000:725000:725000
597062.83,-57000,4022000,240,Discharging,2000000:2000000:2000000:2000000:2000000:2000000:725000:725000
597066.80,-62000,4022000,240,Discharging,2000000:2000000:2000000:2000000:2000000:2000000:725000:725000
597069.75,-116000,4022000,250,Discharging,2000000:2000000:2000000:2000000:2000000:2000000:800000:800000
597072.27,-45000,4022000,240,Discharging,2000000:2000000:2000000:2000000:2000000:2000000:725000:725000
597076.03,-9000,4022000,240,Discharging,2000000:2000000:2000000:2000000:2000000:2000000:725000:725000
597077.06,-135000,4022000,240,Discharging,2000000:2000000:2000000:2000000:2000000:2000000:725000:725000
597080.21,-66000,4022000,240,Discharging,2000000:2000000:2000000:2000000:2000000:2000000:725000:725000
597082.31,-44000,4022000,240,Discharging,2000000:2000000:2000000:2000000:2000000:2000000:725000:725000
597085.66,-52000,4022000,250,Discharging,2000000:2000000:2000000:2000000:2000000:2000000:725000:725000
597089.02,-9000,4022000,240,Discharging,2000000:2000000:2000000:2000000:2000000:2000000:725000:725000
597091.73,-69000,4022000,240,Discharging,2000000:2000000:2000000:2000000:2000000:2000000:725000:725000
597094.89,-14000,4022000,250,Discharging,2000000:2000000:2000000:2000000:2000000:2000000:725000:725000
597098.55,-12000,4022000,240,Discharging,2000000:2000000:2000000:2000000:2000000:2000000:725000:725000
597101.06,-9000,4022000,240,Discharging,2000000:2000000:2000000:2000000:2000000:2000000:725000:725000
597104.42,-31000,4022000,240,Discharging,2000000:2000000:2000000:2000000:2000000:2000000:725000:725000
597107.98,-12000,4022000,240,Discharging,2000000:2000000:2000000:2000000:2000000:2000000:725000:725000
597110.49,-89000,4022000,240,Discharging,2000000:2000000:2000000:2000000:2000000:2000000:725000:725000
597114.05,-12000,4022000,240,Discharging,2000000:2000000:2000000:2000000:2000000:2000000:725000:725000
597117.20,-19000,4022000,240,Discharging,2000000:2000000:2000000:2000000:2000000:2000000:725000:725000
597119.72,-21000,4022000,240,Discharging,2000000:2000000:2000000:2000000:2000000:2000000:725000:725000
597120.76,-148000,4022000,240,Discharging,2000000:2000000:2000000:2000000:2000000:2000000:725000:725000
597124.50,-57000,4022000,240,Discharging,2000000:2000000:2000000:2000000:2000000:2000000:725000:725000
597127.35,-28000,4022000,240,Discharging,2000000:2000000:2000000:2000000:2000000:2000000:725000:725000
597129.86,-12000,4022000,240,Discharging,2000000:2000000:2000000:2000000:2000000:2000000:725000:725000
597133.42,-13000,4022000,240,Discharging,2000000:2000000:2000000:2000000:2000000:2000000:725000:725000
597134.44,-146000,4022000,240,Discharging,2000000:2000000:2000000:2000000:2000000:2000000:725000:725000
597135.49,-132000,4022000,240,Discharging,2000000:2000000:2000000:2000000:2000000:2000000:725000:725000
597138.81,-8000,4022000,240,Discharging,2000000:2000000:2000000:2000000:2000000:2000000:725000:725000
597141.32,-82000,4022000,240,Discharging,2000000:2000000:2000000:2000000:2000000:2000000:725000:725000
597143.42,-55000,4022000,240,Discharging,2000000:2000000:2000000:2000000:2000000:2000000:725000:725000
597146.98,-37000,4022000,240,Discharging,2000000:2000000:2000000:2000000:2000000:2000000:725000:725000
597149.50,-36000,4022000,240,Discharging,2000000:2000000:2000000:2000000:2000000:2000000:725000:725000
597150.53,-136000,4022000,240,Discharging,2000000:2000000:2000000:2000000:2000000:2000000:725000:725000
597151.55,-145000,4022000,240,Discharging,2000000:2000000:2000000:2000000:2000000:2000000:725000:725000
597153.33,-146000,4022000,240,Discharging,2000000:2000000:2000000:2000000:2000000:2000000:725000:725000
597156.11,-42000,4022000,240,Discharging,2000000:2000000:2000000:2000000:2000000:2000000:725000:725000
597158.55,-12000,4022000,240,Discharging,2000000:2000000:2000000:2000000:2000000:2000000:725000:725000
597161.06,-89000,4022000,240,Discharging,2000000:2000000:2000000:2000000:2000000:2000000:725000:725000
597164.41,-104000,4022000,240,Discharging,2000000:2000000:2000000:2000000:2000000:2000000:725000:725000
597167.97,-10000,4022000,240,Discharging,2000000:2000000:2000000:2000000:2000000:2000000:725000:725000
597170.23,-14000,4022000,240,Discharging,2000000:2000000:2000000:2000000:2000000:2000000:725000:725000
597172.46,-11000,4022000,240,Discharging,2000000:2000000:2000000:2000000:2000000:2000000:800000:800000
597174.98,-8000,4022000,240,Discharging,2000000:2000000:2000000:2000000:2000000:2000000:725000:725000
597178.13,-53000,4022000,240,Discharging,2000000:2000000:2000000:2000000:2000000:2000000:725000:725000
597181.49,-12000,4022000,240,Discharging,2000000:2000000:2000000:2000000:2000000:2000000:725000:725000
597184.00,-9000,4022000,240,Discharging,2000000:2000000:2000000:2000000:2000000:2000000:725000:725000
597187.05,-134000,4022000,240,Discharging,2000000:2000000:2000000:2000000:2000000:2000000:725000:725000
597189.92,-56000,4022000,240,Discharging,2000000:2000000:2000000:2000000:2000000:2000000:725000:725000
597192.40,-52000,4022000,240,Discharging,2000000:2000000:2000000:2000000:2000000:2000000:725000:725000
597193.68,-192000,4022000,240,Discharging,2000000:2000000:2000000:2000000:2000000:2000000:725000:725000
597197.21,-10000,4022000,240,Discharging,2000000:2000000:2000000:2000000:2000000:2000000:725000:725000
597199.71,-11000,4022000,240,Discharging,2000000:2000000:2000000:2000000:2000000:2000000:725000:725000
597202.23,-124000,4022000,240,Discharging,2000000:2000000:2000000:2000000:2000000:2000000:725000:725000
597204.69,-56000,4022000,240,Discharging,2000000:2000000:2000000:2000000:2000000:2000000:725000:725000
597208.20,-8000,4022000,240,Discharging,2000000:2000000:2000000:2000000:2000000:2000000:900000:900000
597210.73,-9000,4022000,240,Discharging,2000000:2000000:2000000:2000000:2000000:2000000:725000:725000
597213.45,-128000,4022000,240,Discharging,2000000:2000000:2000000:2000000:2000000:2000000:725000:725000
597216.70,-8000,4022000,240,Discharging,2000000:2000000:2000000:2000000:2000000:2000000:1700000:1700000
597218.44,-9000,4022000,240,Discharging,2000000:2000000:2000000:2000000:2000000:2000000:1100000:1100000
597221.48,-18000,4022000,240,Discharging,2000000:2000000:2000000:2000000:2000000:2000000:725000:725000
597224.00,-22000,4022000,240,Discharging,2000000:2000000:2000000:2000000:2000000:2000000:725000:725000
597227.55,-167000,4022000,240,Discharging,2000000:2000000:2000000:2000000:2000000:2000000:725000:725000
597230.25,-13000,4022000,240,Discharging,2000000:2000000:2000000:2000000:2000000:2000000:725000:725000
597231.31,-183000,4022000,240,Discharging,2000000:2000000:2000000:2000000:2000000:2000000:725000:725000
597233.56,-9000,4022000,240,Discharging,2000000:2000000:2000000:2000000:2000000:2000000:725000:725000
597236.97,-55000,4022000,240,Discharging,2000000:2000000:2000000:2000000:2000000:2000000:900000:900000
597239.71,-10000,4022000,240,Discharging,2000000:2000000:2000000:2000000:2000000:2000000:725000:725000
597242.17,-50000,4022000,240,Discharging,2000000:2000000:2000000:2000000:2000000:2000000:725000:725000
597244.89,-10000,4022000,240,Discharging,2000000:2000000:2000000:2000000:2000000:2000000:725000:725000
597248.34,-17000,4022000,240,Discharging,2000000:2000000:2000000:2000000:2000000:2000000:725000:725000
597250.80,-10000,4022000,240,Discharging,2000000:2000000:2000000:2000000:2000000:2000000:1200000:1200000
597253.50,-34000,4022000,240,Discharging,2000000:2000000:2000000:2000000:2000000:2000000:725000:725000
597256.22,-13000,4022000,240,Discharging,2000000:2000000:2000000:2000000:2000000:2000000:725000:725000
597258.88,-10000,4022000,240,Discharging,2000000:2000000:2000000:2000000:2000000:2000000:725000:725000
597262.69,-10000,4022000,240,Discharging,2000000:2000000:2000000:2000000:2000000:2000000:725000:725000
597265.18,-29000,4022000,240,Discharging,2000000:2000000:2000000:2000000:2000000:2000000:725000:725000
597266.82,-94000,4022000,240,Discharging,2000000:2000000:2000000:2000000:2000000:2000000:725000:725000
597270.25,-149000,4022000,240,Discharging,2000000:2000000:2000000:2000000:2000000:2000000:1100000:1100000
597271.96,-77000,4022000,240,Discharging,2000000:2000000:2000000:2000000:2000000:2000000:725000:725000
597274.77,-17000,4022000,240,Discharging,2000000:2000000:2000000:2000000:2000000:2000000:725000:725000
597277.26,-126000,4022000,240,Discharging,2000000:2000000:2000000:2000000:2000000:2000000:725000:725000
597279.83,-12000,4022000,240,Discharging,2000000:2000000:2000000:2000000:2000000:2000000:725000:725000
597282.11,-17000,4022000,240,Discharging,2000000:2000000:2000000:2000000:2000000:2000000:725000:725000
597284.79,-12000,4022000,240,Discharging,2000000:2000000:2000000:2000000:2000000:2000000:900000:900000
597287.31,-124000,4022000,240,Discharging,2000000:2000000:2000000:2000000:2000000:2000000:725000:725000
597290.12,-79000,4022000,240,Discharging,2000000:2000000:2000000:2000000:2000000:2000000:725000:725000
597292.48,-88000,4022000,240,Discharging,2000000:2000000:2000000:2000000:2000000:2000000:725000:725000
597296.26,-37000,4022000,240,Discharging,2000000:2000000:2000000:2000000:2000000:2000000:800000:800000
597297.89,-61000,4022000,240,Discharging,2000000:2000000:2000000:2000000:2000000:2000000:725000:725000
597301.38,-14000,4022000,240,Discharging,2000000:2000000:2000000:2000000:2000000:2000000:1500000:1500000
597304.45,-10000,4022000,240,Discharging,2000000:2000000:2000000:2000000:2000000:2000000:800000:800000
597306.96,-20000,4022000,240,Discharging,2000000:2000000:2000000:2000000:2000000:2000000:725000:725000
597307.98,-193000,4022000,240,Discharging,2000000:2000000:2000000:2000000:2000000:2000000:725000:725000
597309.01,-178000,4022000,240,Discharging,2000000:2000000:2000000:2000000:2000000:2000000:725000:725000
597310.04,-772000,4022000,240,Discharging,2000000:2000000:2000000:2000000:2000000:2000000:1200000:1200000
597311.08,-442000,4022000,240,Discharging,2000000:2000000:2000000:2000000:2000000:2000000:725000:725000
597312.11,-357000,4022000,240,Discharging,2000000:2000000:2000000:2000000:2000000:2000000:725000:725000
597313.14,-703000,4022000,240,Discharging,2000000:2000000:2000000:2000000:2000000:2000000:900000:900000
597314.17,-286000,4022000,240,Discharging,2000000:2000000:2000000:2000000:2000000:2000000:725000:725000
597315.20,-329000,4022000,240,Discharging,2000000:2000000:2000000:2000000:2000000:2000000:725000:725000
597316.23,-274000,4022000,240,Discharging,2000000:2000000:2000000:2000000:2000000:2000000:725000:725000
597317.26,-247000,4022000,240,Discharging,2000000:2000000:2000000:2000000:2000000:2000000:725000:725000
597318.29,-251000,4022000,240,Discharging,2000000:2000000:2000000:2000000:2000000:2000000:725000:725000
597319.32,-199000,4022000,240,Discharging,2000000:2000000:2000000:2000000:2000000:2000000:725000:725000
597320.35,-244000,3982000,240,Discharging,2000000:2000000:2000000:2000000:2000000:2000000:725000:725000
597321.39,-188000,3982000,240,Discharging,2000000:2000000:2000000:2000000:2000000:2000000:725000:725000
597322.42,-190000,3982000,240,Discharging,2000000:2000000:2000000:2000000:2000000:2000000:725000:725000
597323.45,-222000,3982000,240,Discharging,2000000:2000000:2000000:2000000:2000000:2000000:725000:725000
597324.48,-184000,3982000,240,Discharging,2000000:2000000:2000000:2000000:2000000:2000000:725000:725000
597325.51,-187000,3982000,240,Discharging,2000000:2000000:2000000:2000000:2000000:2000000:725000:725000
597326.54,-189000,3982000,240,Discharging,2000000:2000000:2000000:2000000:2000000:2000000:725000:725000
597327.57,-190000,3982000,240,Discharging,2000000:2000000:2000000:2000000:2000000:2000000:725000:725000
597328.60,-205000,3982000,240,Discharging,2000000:2000000:2000000:2000000:2000000:2000000:725000:725000
597329.63,-207000,3982000,240,Discharging,2000000:2000000:2000000:2000000:2000000:2000000:725000:725000
597330.66,-211000,3982000,240,Discharging,2000000:2000000:2000000:2000000:2000000:2000000:725000:725000
597331.68,-185000,3982000,240,Discharging,2000000:2000000:2000000:2000000:2000000:2000000:725000:725000
597332.71,-185000,3982000,240,Discharging,2000000:2000000:2000000:2000000:2000000:2000000:725000:725000
597333.74,-187000,3982000,240,Discharging,2000000:2000000:2000000:2000000:2000000:2000000:725000:725000
597334.77,-189000,3982000,240,Discharging,2000000:2000000:2000000:2000000:2000000:2000000:725000:725000
597335.80,-191000,3982000,240,Discharging,2000000:2000000:2000000:2000000:2000000:2000000:725000:725000
597336.83,-206000,3982000,240,Discharging,2000000:2000000:2000000:2000000:2000000:2000000:725000:725000
597337.86,-186000,3982000,240,Discharging,2000000:2000000:2000000:2000000:2000000:2000000:725000:725000
597338.89,-181000,3982000,240,Discharging,2000000:2000000:2000000:2000000:2000000:2000000:725000:725000
597340.14,-286000,3982000,240,Discharging,2000000:2000000:2000000:2000000:2000000:2000000:725000:725000
597343.66,-24000,3982000,240,Discharging,2000000:2000000:2000000:2000000:2000000:2000000:725000:725000
597346.12,-9000,3982000,240,Discharging,2000000:2000000:2000000:2000000:2000000:2000000:725000:725000
597348.85,-94000,3982000,240,Discharging,2000000:2000000:2000000:2000000:2000000:2000000:725000:725000
597352.38,-20000,3982000,240,Discharging,2000000:2000000:2000000:2000000:2000000:2000000:800000:800000
597354.23,-94000,4025000,240,Discharging,2000000:2000000:2000000:2000000:2000000:2000000:725000:725000
597355.88,-114000,4025000,240,Discharging,2000000:2000000:2000000:2000000:2000000:2000000:725000:725000
597358.02,-109000,4000000,240,Discharging,2000000:2000000:2000000:2000000:2000000:2000000:725000:725000
597361.50,-10000,4000000,240,Discharging,2000000:2000000:2000000:2000000:2000000:2000000:1000000:1000000
597364.57,-9000,4000000,240,Discharging,2000000:2000000:2000000:2000000:2000000:2000000:725000:725000
597367.06,-13000,4000000,240,Discharging,2000000:2000000:2000000:2000000:2000000:2000000:725000:725000
597369.54,-66000,4000000,240,Discharging,2000000:2000000:2000000:2000000:2000000:2000000:725000:725000
597372.26,-9000,4000000,240,Discharging,2000000:2000000:2000000:2000000:2000000:2000000:725000:725000
597374.68,-10000,4000000,240,Discharging,2000000:2000000:2000000:2000000:2000000:2000000:725000:725000
597377.06,-10000,4000000,240,Discharging,2000000:2000000:2000000:2000000:2000000:2000000:1200000:1200000
597379.57,-12000,4000000,240,Discharging,2000000:2000000:2000000:2000000:2000000:2000000:725000:725000
597382.24,-46000,4000000,240,Discharging,2000000:2000000:2000000:2000000:2000000:2000000:725000:725000
597384.52,-49000,4000000,240,Discharging,2000000:2000000:2000000:2000000:2000000:2000000:725000:725000
597388.01,-13000,4000000,240,Discharging,2000000:2000000:2000000:2000000:2000000:2000000:725000:725000
597389.89,-45000,4000000,240,Discharging,2000000:2000000:2000000:2000000:2000000:2000000:725000:725000
597392.32,-9000,4000000,240,Discharging,2000000:2000000:2000000:2000000:2000000:2000000:1200000:1200000
597394.06,-48000,4000000,240,Discharging,2000000:2000000:2000000:2000000:2000000:2000000:725000:725000
597397.24,-87000,4000000,240,Discharging,2000000:2000000:2000000:2000000:2000000:2000000:725000:725000
597399.76,-54000,4000000,240,Discharging,2000000:2000000:2000000:2000000:2000000:2000000:725000:725000
597401.13,-216000,4000000,240,Discharging,2000000:2000000:2000000:2000000:2000000:2000000:725000:725000
597403.69,-99000,4000000,240,Discharging,2000000:2000000:2000000:2000000:2000000:2000000:725000:900000
597406.88,-14000,4000000,240,Discharging,2000000:2000000:2000000:2000000:2000000:2000000:725000:725000
597409.60,-125000,4000000,240,Discharging,2000000:2000000:2000000:2000000:2000000:2000000:725000:725000
597410.84,-140000,4000000,240,Discharging,2000000:2000000:2000000:2000000:2000000:2000000:725000:725000
597413.61,-10000,4000000,240,Discharging,2000000:2000000:2000000:2000000:2000000:2000000:1500000:1500000
597416.08,-13000,4000000,240,Discharging,2000000:2000000:2000000:2000000:2000000:2000000:725000:725000
597417.91,-12000,4000000,240,Discharging,2000000:2000000:2000000:2000000:2000000:2000000:725000:725000
597420.27,-37000,4000000,240,Discharging,2000000:2000000:2000000:2000000:2000000:2000000:900000:900000
597422.93,-9000,4000000,240,Discharging,2000000:2000000:2000000:2000000:2000000:2000000:1200000:1200000
597425.39,-9000,4000000,240,Discharging,2000000:2000000:2000000:2000000:2000000:2000000:800000:800000
597427.91,-14000,4000000,240,Discharging,2000000:2000000:2000000:2000000:2000000:2000000:725000:725000
597430.61,-41000,4000000,240,Discharging,2000000:2000000:2000000:2000000:2000000:2000000:725000:725000
597433.26,-13000,4000000,240,Discharging,2000000:2000000:2000000:2000000:2000000:2000000:725000:725000
597436.66,-17000,4000000,240,Discharging,2000000:2000000:2000000:2000000:2000000:2000000:800000:800000
597439.37,-32000,4000000,240,Discharging,2000000:2000000:2000000:2000000:2000000:2000000:725000:725000
597442.42,-124000,4000000,240,Discharging,2000000:2000000:2000000:2000000:2000000:2000000:725000:725000
597444.94,-39000,4000000,240,Discharging,2000000:2000000:2000000:2000000:2000000:2000000:725000:725000
597447.52,-194000,4000000,240,Discharging,2000000:2000000:2000000:2000000:2000000:2000000:725000:725000
597449.88,-31000,4000000,240,Discharging,2000000:2000000:2000000:2000000:2000000:2000000:725000:725000
597452.00,-122000,4000000,240,Discharging,2000000:2000000:2000000:2000000:2000000:2000000:800000:800000
597454.05,-12000,4000000,240,Discharging,2000000:2000000:2000000:2000000:2000000:2000000:725000:725000
597456.56,-199000,4000000,240,Discharging,2000000:2000000:2000000:2000000:2000000:2000000:725000:725000
597460.08,-42000,4000000,240,Discharging,2000000:2000000:2000000:2000000:2000000:2000000:725000:725000
597462.78,-78000,4000000,240,Discharging,2000000:2000000:2000000:2000000:2000000:2000000:725000:725000
597465.49,-39000,4000000,240,Discharging,2000000:2000000:2000000:2000000:2000000:2000000:725000:725000
597468.01,-39000,4000000,240,Discharging,2000000:2000000:2000000:2000000:2000000:2000000:725000:725000
597471.44,-17000,4000000,240,Discharging,2000000:2000000:2000000:2000000:2000000:2000000:725000:725000
597474.11,-13000,4000000,240,Discharging,2000000:2000000:2000000:2000000:2000000:2000000:725000:725000
597476.81,-46000,4000000,240,Discharging,2000000:2000000:2000000:2000000:2000000:2000000:725000:725000
597479.22,-75000,4000000,240,Discharging,2000000:2000000:2000000:2000000:2000000:2000000:725000:725000
597482.77,-41000,4000000,240,Discharging,2000000:2000000:2000000:2000000:2000000:2000000:725000:725000
597485.81,-8000,4000000,240,Discharging,2000000:2000000:2000000:2000000:2000000:2000000:725000:725000
597488.06,-11000,4000000,240,Discharging,2000000:2000000:2000000:2000000:2000000:2000000:725000:725000
597490.79,-121000,4000000,240,Discharging,2000000:2000000:2000000:2000000:2000000:2000000:725000:725000
597494.02,-9000,4000000,240,Discharging,2000000:2000000:2000000:2000000:2000000:2000000:725000:725000
597496.68,-10000,4000000,240,Discharging,2000000:2000000:2000000:2000000:2000000:2000000:725000:725000
597499.18,-9000,4000000,240,Discharging,2000000:2000000:2000000:2000000:2000000:2000000:725000:725000
597501.70,-82000,4000000,240,Discharging,2000000:2000000:2000000:2000000:2000000:2000000:725000:725000
597505.06,-15000,4000000,240,Discharging,2000000:2000000:2000000:2000000:2000000:2000000:725000:725000
597508.04,-10000,4000000,240,Discharging,2000000:2000000:2000000:2000000:2000000:2000000:900000:900000
597510.53,-39000,4000000,240,Discharging,2000000:2000000:2000000:2000000:2000000:2000000:725000:725000
597513.45,-85000,4000000,240,Discharging,2000000:2000000:2000000:2000000:2000000:2000000:725000:725000
597514.92,-38000,4000000,240,Discharging,2000000:2000000:2000000:2000000:2000000:2000000:725000:725000
597517.48,-12000,4000000,240,Discharging,2000000:2000000:2000000:2000000:2000000:2000000:725000:725000
597519.99,-10000,4000000,240,Discharging,2000000:2000000:2000000:2000000:2000000:2000000:725000:725000
597523.31,-9000,4000000,240,Discharging,2000000:2000000:2000000:2000000:2000000:2000000:725000:725000
597525.91,-103000,4000000,240,Discharging,2000000:2000000:2000000:2000000:2000000:2000000:725000:725000
597527.78,-78000,4000000,240,Discharging,2000000:2000000:2000000:2000000:2000000:2000000:725000:725000
597530.97,-9000,4000000,240,Discharging,2000000:2000000:2000000:2000000:2000000:2000000:900000:900000
597532.67,-101000,4000000,240,Discharging,2000000:2000000:2000000:2000000:2000000:2000000:725000:725000
597535.54,-66000,4000000,240,Discharging,2000000:2000000:2000000:2000000:2000000:2000000:725000:725000
597538.04,-13000,4000000,240,Discharging,2000000:2000000:2000000:2000000:2000000:2000000:725000:725000
597540.51,-174000,4000000,240,Discharging,2000000:2000000:2000000:2000000:2000000:2000000:900000:900000
597543.82,-60000,4000000,240,Discharging,2000000:2000000:2000000:2000000:2000000:2000000:725000:725000
597546.74,-10000,4000000,240,Discharging,2000000:2000000:2000000:2000000:2000000:2000000:725000:725000
597549.40,-21000,4000000,240,Discharging,2000000:2000000:2000000:2000000:2000000:2000000:725000:725000
597551.27,-203000,4000000,240,Discharging,2000000:2000000:2000000:2000000:2000000:2000000:725000:725000
597554.63,-154000,4000000,240,Discharging,2000000:2000000:2000000:2000000:2000000:2000000:725000:725000
597557.22,-10000,4000000,240,Discharging,2000000:2000000:2000000:2000000:2000000:2000000:725000:725000
597560.09,-10000,4000000,240,Discharging,2000000:2000000:2000000:2000000:2000000:2000000:725000:725000
597562.40,-46000,4000000,240,Discharging,2000000:2000000:2000000:2000000:2000000:2000000:725000:725000
597565.01,-74000,4000000,240,Discharging,2000000:2000000:2000000:2000000:2000000:2000000:725000:725000
597567.79,-9000,4000000,240,Discharging,2000000:2000000:2000000:2000000:2000000:2000000:725000:725000
597570.32,-15000,4000000,240,Discharging,2000000:2000000:2000000:2000000:2000000:2000000:725000:725000
597573.04,-79000,4000000,240,Discharging,2000000:2000000:2000000:2000000:2000000:2000000:725000:725000
597575.94,-139000,4000000,240,Discharging,2000000:2000000:2000000:2000000:2000000:2000000:725000:725000
597577.31,-120000,4000000,240,Discharging,2000000:2000000:2000000:2000000:2000000:2000000:725000:725000
597580.39,-22000,4000000,240,Discharging,2000000:2000000:2000000:2000000:2000000:2000000:725000:725000
597582.91,-82000,4000000,240,Discharging,2000000:2000000:2000000:2000000:2000000:2000000:725000:725000
597583.94,-225000,4000000,240,Discharging,2000000:2000000:2000000:2000000:2000000:2000000:725000:725000
597584.97,-182000,4000000,240,Discharging,2000000:2000000:2000000:2000000:2000000:2000000:725000:725000
597587.54,-11000,4000000,240,Discharging,2000000:2000000:2000000:2000000:2000000:2000000:725000:725000
597590.00,-48000,4000000,240,Discharging,2000000:2000000:2000000:2000000:2000000:2000000:725000:725000
597592.69,-9000,4000000,240,Discharging,2000000:2000000:2000000:2000000:2000000:2000000:725000:725000
597596.10,-71000,4000000,240,Discharging,2000000:2000000:2000000:2000000:2000000:2000000:725000:800000
597598.76,-8000,4000000,240,Discharging,2000000:2000000:2000000:2000000:2000000:2000000:1000000:1000000
597600.87,-8000,4000000,240,Discharging,2000000:2000000:2000000:2000000:2000000:2000000:725000:725000
597602.74,-209000,4000000,240,Discharging,2000000:2000000:2000000:2000000:2000000:2000000:725000:725000
597605.71,-10000,4000000,240,Discharging,2000000:2000000:2000000:2000000:2000000:2000000:725000:725000
597608.64,-14000,4000000,240,Discharging,2000000:2000000:2000000:2000000:2000000:2000000:725000:725000
597611.14,-15000,4000000,240,Discharging,2000000:2000000:2000000:2000000:2000000:2000000:725000:725000
597613.66,-21000,4000000,240,Discharging,2000000:2000000:2000000:2000000:2000000:2000000:725000:725000
597616.67,-94000,4000000,240,Discharging,2000000:2000000:2000000:2000000:2000000:2000000:725000:725000
597619.75,-54000,4000000,240,Discharging,2000000:2000000:2000000:2000000:2000000:2000000:800000:800000
597622.25,-128000,4000000,240,Discharging,2000000:2000000:2000000:2000000:2000000:2000000:725000:725000
597624.94,-13000,4000000,240,Discharging,2000000:2000000:2000000:2000000:2000000:2000000:725000:725000
597628.56,-106000,4000000,240,Discharging,2000000:2000000:2000000:2000000:2000000:2000000:725000:725000
597631.23,-107000,4000000,240,Discharging,2000000:2000000:2000000:2000000:2000000:2000000:725000:725000
597634.09,-24000,4000000,240,Discharging,2000000:2000000:2000000:2000000:2000000:2000000:800000:800000
597636.47,-79000,4000000,240,Discharging,2000000:2000000:2000000:2000000:2000000:2000000:725000:725000
597638.21,-192000,4000000,240,Discharging,2000000:2000000:2000000:2000000:2000000:2000000:725000:725000
597639.72,-71000,4000000,240,Discharging,2000000:2000000:2000000:2000000:2000000:2000000:725000:725000
597642.47,-63000,4000000,240,Discharging,2000000:2000000:2000000:2000000:2000000:2000000:725000:725000
597644.95,-121000,4000000,240,Discharging,2000000:2000000:2000000:2000000:2000000:2000000:725000:725000
597649.45,-9000,4000000,240,Discharging,2000000:2000000:2000000:2000000:2000000:2000000:725000:1600000
597651.04,-19000,4000000,240,Discharging,2000000:2000000:2000000:2000000:2000000:2000000:725000:725000
597654.09,-13000,4000000,240,Discharging,2000000:2000000:2000000:2000000:2000000:2000000:725000:725000
597656.58,-29000,4017000,240,Discharging,2000000:2000000:2000000:2000000:2000000:2000000:725000:725000
597659.89,-24000,4017000,240,Discharging,2000000:2000000:2000000:2000000:2000000:2000000:725000:725000
597662.55,-37000,4017000,240,Discharging,2000000:2000000:2000000:2000000:2000000:2000000:1100000:1100000
597664.88,-94000,4017000,240,Discharging,2000000:2000000:2000000:2000000:2000000:2000000:725000:725000
597667.40,-92000,4017000,240,Discharging,2000000:2000000:2000000:2000000:2000000:2000000:725000:725000
597670.42,-43000,4017000,240,Discharging,2000000:2000000:2000000:2000000:2000000:2000000:725000:725000
597673.82,-21000,4017000,240,Discharging,2000000:2000000:2000000:2000000:2000000:2000000:800000:800000
597676.32,-110000,4017000,240,Discharging,2000000:2000000:2000000:2000000:2000000:2000000:725000:725000
597677.55,-120000,4017000,240,Discharging,2000000:2000000:2000000:2000000:2000000:2000000:725000:725000
597680.88,-126000,4017000,240,Discharging,2000000:2000000:2000000:2000000:2000000:2000000:900000:900000
597683.55,-10000,4017000,240,Discharging,2000000:2000000:2000000:2000000:2000000:2000000:1700000:1700000
597686.05,-13000,4017000,240,Discharging,2000000:2000000:2000000:2000000:2000000:2000000:725000:725000
597688.57,-9000,4017000,240,Discharging,2000000:2000000:2000000:2000000:2000000:2000000:725000:725000
597691.94,-121000,4017000,240,Discharging,2000000:2000000:2000000:2000000:2000000:2000000:1100000:1100000
597694.62,-10000,4017000,240,Discharging,2000000:2000000:2000000:2000000:2000000:2000000:800000:800000
597697.07,-17000,4017000,240,Discharging,2000000:2000000:2000000:2000000:2000000:2000000:725000:725000
597699.59,-81000,4017000,240,Discharging,2000000:2000000:2000000:2000000:2000000:2000000:725000:725000
597701.06,-122000,4017000,240,Discharging,2000000:2000000:2000000:2000000:2000000:2000000:725000:725000
597704.23,-46000,4017000,240,Discharging,2000000:2000000:2000000:2000000:2000000:2000000:900000:900000
597706.80,-17000,4017000,240,Discharging,2000000:2000000:2000000:2000000:2000000:2000000:1000000:1000000
597709.72,-46000,4017000,240,Discharging,2000000:2000000:2000000:2000000:2000000:2000000:725000:725000
597712.80,-13000,4017000,240,Discharging,2000000:2000000:2000000:2000000:2000000:2000000:725000:725000
597715.47,-59000,4017000,240,Discharging,2000000:2000000:2000000:2000000:2000000:2000000:725000:725000
597717.86,-26000,4017000,240,Discharging,2000000:2000000:2000000:2000000:2000000:2000000:725000:725000
597719.76,-159000,4017000,240,Discharging,2000000:2000000:2000000:2000000:2000000:2000000:725000:725000
597722.40,-13000,4022000,240,Discharging,2000000:2000000:2000000:2000000:2000000:2000000:725000:725000
597725.06,-8000,4022000,240,Discharging,2000000:2000000:2000000:2000000:2000000:2000000:725000:725000
597727.57,-213000,4022000,240,Discharging,2000000:2000000:2000000:2000000:2000000:2000000:725000:725000
597730.82,-108000,4022000,240,Discharging,2000000:2000000:2000000:2000000:2000000:2000000:725000:725000
597732.30,-63000,4022000,240,Discharging,2000000:2000000:2000000:2000000:2000000:2000000:725000:725000
597734.24,-215000,4022000,240,Discharging,2000000:2000000:2000000:2000000:2000000:2000000:725000:725000
597735.27,-192000,4022000,240,Discharging,2000000:2000000:2000000:2000000:2000000:2000000:725000:725000
597736.30,-205000,4022000,240,Discharging,2000000:2000000:2000000:2000000:2000000:2000000:725000:725000
597739.58,-69000,4022000,240,Discharging,2000000:2000000:2000000:2000000:2000000:2000000:725000:725000
597742.27,-11000,4022000,240,Discharging,2000000:2000000:2000000:2000000:2000000:2000000:725000:725000
597744.53,-9000,4022000,240,Discharging,2000000:2000000:2000000:2000000:2000000:2000000:725000:725000
597747.26,-26000,4022000,240,Discharging,2000000:2000000:2000000:2000000:2000000:2000000:725000:725000
597749.49,-148000,4022000,240,Discharging,2000000:2000000:2000000:2000000:2000000:2000000:1100000:1100000
597751.91,-69000,4022000,240,Discharging,2000000:2000000:2000000:2000000:2000000:2000000:725000:725000
597754.79,-14000,4022000,240,Discharging,2000000:2000000:2000000:2000000:2000000:2000000:725000:725000
597757.10,-90000,4022000,240,Discharging,2000000:2000000:2000000:2000000:2000000:2000000:725000:725000
597760.45,-35000,4022000,240,Discharging,2000000:2000000:2000000:2000000:2000000:2000000:725000:725000
597762.26,-160000,4022000,240,Discharging,2000000:2000000:2000000:2000000:2000000:2000000:725000:725000
597764.82,-9000,4022000,240,Discharging,2000000:2000000:2000000:2000000:2000000:2000000:725000:725000
597767.24,-153000,4022000,240,Discharging,2000000:2000000:2000000:2000000:2000000:2000000:725000:725000
597770.69,-61000,4022000,240,Discharging,2000000:2000000:2000000:2000000:2000000:2000000:800000:800000
597773.24,-67000,4022000,240,Discharging,2000000:2000000:2000000:2000000:2000000:2000000:725000:725000
597775.82,-12000,4022000,240,Discharging,2000000:2000000:2000000:2000000:2000000:2000000:725000:725000
597778.54,-96000,4022000,240,Discharging,2000000:2000000:2000000:2000000:2000000:2000000:725000:725000
597780.95,-53000,4022000,240,Discharging,2000000:2000000:2000000:2000000:2000000:2000000:725000:725000
597783.59,-11000,4022000,240,Discharging,2000000:2000000:2000000:2000000:2000000:2000000:725000:725000
597785.95,-13000,4022000,240,Discharging,2000000:2000000:2000000:2000000:2000000:2000000:725000:725000
597787.47,-169000,4022000,240,Discharging,2000000:2000000:2000000:2000000:2000000:2000000:725000:725000
597791.02,-12000,4022000,240,Discharging,2000000:2000000:2000000:2000000:2000000:2000000:725000:725000
597792.49,-49000,4022000,240,Discharging,2000000:2000000:2000000:2000000:2000000:2000000:725000:725000
597795.16,-36000,4022000,240,Discharging,2000000:2000000:2000000:2000000:2000000:2000000:725000:725000
597797.88,-51000,4022000,240,Discharging,2000000:2000000:2000000:2000000:2000000:2000000:725000:725000
597801.43,-113000,4022000,240,Discharging,2000000:2000000:2000000:2000000:2000000:2000000:725000:725000
597804.28,-8000,4022000,240,Discharging,2000000:2000000:2000000:2000000:2000000:2000000:2200000:2200000
597806.80,-10000,4022000,240,Discharging,2000000:2000000:2000000:2000000:2000000:2000000:725000:725000
597809.31,-49000,4022000,240,Discharging,2000000:2000000:2000000:2000000:2000000:2000000:725000:725000
597812.67,-107000,4022000,240,Discharging,2000000:2000000:2000000:2000000:2000000:2000000:1100000:1100000
597815.34,-12000,4022000,240,Discharging,2000000:2000000:2000000:2000000:2000000:2000000:725000:725000
597817.81,-15000,4022000,240,Discharging,2000000:2000000:2000000:2000000:2000000:2000000:725000:725000
597820.32,-12000,4022000,240,Discharging,2000000:2000000:2000000:2000000:2000000:2000000:725000:725000
597823.23,-64000,4022000,240,Discharging,2000000:2000000:2000000:2000000:2000000:2000000:725000:725000
597824.94,-219000,4022000,240,Discharging,2000000:2000000:2000000:2000000:2000000:2000000:725000:725000
597827.10,-13000,4022000,240,Discharging,2000000:2000000:2000000:2000000:2000000:2000000:725000:725000
597829.78,-143000,4022000,240,Discharging,2000000:2000000:2000000:2000000:2000000:2000000:725000:725000
597833.56,-14000,4022000,240,Discharging,2000000:2000000:2000000:2000000:2000000:2000000:1100000:1100000
597836.24,-47000,4022000,240,Discharging,2000000:2000000:2000000:2000000:2000000:2000000:900000:900000
597838.49,-47000,4022000,240,Discharging,2000000:2000000:2000000:2000000:2000000:2000000:725000:725000
597841.21,-73000,4022000,240,Discharging,2000000:2000000:2000000:2000000:2000000:2000000:725000:725000
597843.71,-10000,4022000,240,Discharging,2000000:2000000:2000000:2000000:2000000:2000000:725000:725000
597846.17,-103000,4022000,240,Discharging,2000000:2000000:2000000:2000000:2000000:2000000:725000:725000
597849.64,-14000,4022000,240,Discharging,2000000:2000000:2000000:2000000:2000000:2000000:725000:725000
597852.16,-69000,4022000,240,Discharging,2000000:2000000:2000000:2000000:2000000:2000000:725000:725000
597854.82,-28000,4022000,240,Discharging,2000000:2000000:2000000:2000000:2000000:2000000:725000:725000
597857.23,-14000,4022000,240,Discharging,2000000:2000000:2000000:2000000:2000000:2000000:725000:725000
597859.95,-62000,4022000,240,Discharging,2000000:2000000:2000000:2000000:2000000:2000000:725000:725000
597863.12,-13000,4022000,240,Discharging,2000000:2000000:2000000:2000000:2000000:2000000:725000:725000
597864.89,-15000,4022000,240,Discharging,2000000:2000000:2000000:2000000:2000000:2000000:725000:725000
597867.50,-62000,4022000,240,Discharging,2000000:2000000:2000000:2000000:2000000:2000000:725000:725000
597869.98,-60000,4022000,240,Discharging,2000000:2000000:2000000:2000000:2000000:2000000:725000:725000
597872.47,-69000,4022000,240,Discharging,2000000:2000000:2000000:2000000:2000000:2000000:725000:725000
597876.13,-12000,4022000,240,Discharging,2000000:2000000:2000000:2000000:2000000:2000000:725000:725000
597878.49,-10000,4022000,240,Discharging,2000000:2000000:2000000:2000000:2000000:2000000:725000:725000
597881.01,-93000,4022000,240,Discharging,2000000:2000000:2000000:2000000:2000000:2000000:725000:725000
597884.36,-121000,4022000,240,Discharging,2000000:2000000:2000000:2000000:2000000:2000000:725000:725000
597887.02,-94000,4022000,240,Discharging,2000000:2000000:2000000:2000000:2000000:2000000:1000000:1000000
597888.93,-41000,4022000,240,Discharging,2000000:2000000:2000000:2000000:2000000:2000000:725000:725000
597891.45,-38000,4022000,240,Discharging,2000000:2000000:2000000:2000000:2000000:2000000:725000:725000
597894.80,-98000,4022000,240,Discharging,2000000:2000000:2000000:2000000:2000000:2000000:1100000:1100000
597897.67,-10000,4022000,240,Discharging,2000000:2000000:2000000:2000000:2000000:2000000:2200000:2200000
597900.40,-11000,4022000,240,Discharging,2000000:2000000:2000000:2000000:2000000:2000000:725000:725000
597902.27,-155000,4022000,240,Discharging,2000000:2000000:2000000:2000000:2000000:2000000:725000:725000
597904.63,-124000,4022000,240,Discharging,2000000:2000000:2000000:2000000:2000000:2000000:1200000:1200000
597907.19,-12000,4022000,240,Discharging,2000000:2000000:2000000:2000000:2000000:2000000:900000:900000
597909.52,-49000,4022000,240,Discharging,2000000:2000000:2000000:2000000:2000000:2000000:725000:725000
597912.24,-35000,4022000,240,Discharging,2000000:2000000:2000000:2000000:2000000:2000000:725000:725000
597914.84,-72000,4022000,240,Discharging,2000000:2000000:2000000:2000000:2000000:2000000:725000:725000
597917.12,-11000,4022000,240,Discharging,2000000:2000000:2000000:2000000:2000000:2000000:725000:725000
597919.72,-99000,4022000,240,Discharging,2000000:2000000:2000000:2000000:2000000:2000000:725000:725000
597922.24,-123000,4022000,240,Discharging,2000000:2000000:2000000:2000000:2000000:2000000:725000:725000
597925.83,-17000,4022000,240,Discharging,2000000:2000000:2000000:2000000:2000000:2000000:1000000:1000000
597928.70,-10000,4022000,240,Discharging,2000000:2000000:2000000:2000000:2000000:2000000:725000:725000
597931.19,-128000,4022000,240,Discharging,2000000:2000000:2000000:2000000:2000000:2000000:725000:725000
597933.91,-10000,4022000,240,Discharging,2000000:2000000:2000000:2000000:2000000:2000000:725000:725000
597935.14,-114000,4017000,240,Discharging,2000000:2000000:2000000:2000000:2000000:2000000:725000:725000
597937.72,-62000,4017000,240,Discharging,2000000:2000000:2000000:2000000:2000000:2000000:725000:725000
597939.11,-93000,4017000,240,Discharging,2000000:2000000:2000000:2000000:2000000:2000000:1400000:1400000
597942.38,-82000,4017000,240,Discharging,2000000:2000000:2000000:2000000:2000000:2000000:725000:725000
597945.04,-13000,4017000,240,Discharging,2000000:2000000:2000000:2000000:2000000:2000000:725000:725000
597947.51,-56000,4017000,240,Discharging,2000000:2000000:2000000:2000000:2000000:2000000:725000:725000
597949.20,-160000,4017000,240,Discharging,2000000:2000000:2000000:2000000:2000000:2000000:725000:725000
597952.56,-15000,4017000,240,Discharging,2000000:2000000:2000000:2000000:2000000:2000000:900000:1000000
597955.64,-12000,4017000,240,Discharging,2000000:2000000:2000000:2000000:2000000:2000000:725000:725000
597957.89,-27000,4017000,240,Discharging,2000000:2000000:2000000:2000000:2000000:2000000:725000:725000
597960.37,-86000,4017000,240,Discharging,2000000:2000000:2000000:2000000:2000000:2000000:725000:725000
597961.85,-43000,4017000,240,Discharging,2000000:2000000:2000000:2000000:2000000:2000000:725000:725000
597964.75,-13000,4017000,240,Discharging,2000000:2000000:2000000:2000000:2000000:2000000:900000:900000
597967.04,-78000,4017000,240,Discharging,2000000:2000000:2000000:2000000:2000000:2000000:725000:1000000
597970.52,-11000,4017000,240,Discharging,2000000:2000000:2000000:2000000:2000000:2000000:725000:725000
597973.19,-11000,4017000,240,Discharging,2000000:2000000:2000000:2000000:2000000:2000000:725000:725000
597974.86,-212000,4017000,240,Discharging,2000000:2000000:2000000:2000000:2000000:2000000:725000:725000
597977.03,-13000,4017000,240,Discharging,2000000:2000000:2000000:2000000:2000000:2000000:725000:725000
597978.65,-133000,4017000,240,Discharging,2000000:2000000:2000000:2000000:2000000:2000000:725000:725000
597980.92,-135000,4017000,240,Discharging,2000000:2000000:2000000:2000000:2000000:2000000:725000:725000
597982.67,-8000,4017000,240,Discharging,2000000:2000000:2000000:2000000:2000000:2000000:725000:725000
597985.85,-21000,4017000,240,Discharging,2000000:2000000:2000000:2000000:2000000:2000000:725000:725000
597988.36,-19000,4017000,240,Discharging,2000000:2000000:2000000:2000000:2000000:2000000:725000:725000
597991.06,-63000,4017000,240,Discharging,2000000:2000000:2000000:2000000:2000000:2000000:900000:900000
597994.10,-21000,4017000,240,Discharging,2000000:2000000:2000000:2000000:2000000:2000000:725000:725000
597996.62,-205000,4017000,240,Discharging,2000000:2000000:2000000:2000000:2000000:2000000:725000:725000
598000.12,-20000,4017000,240,Discharging,2000000:2000000:2000000:2000000:2000000:2000000:725000:725000
598002.76,-64000,4017000,240,Discharging,2000000:2000000:2000000:2000000:2000000:2000000:725000:725000
598005.25,-12000,4017000,240,Discharging,2000000:2000000:2000000:2000000:2000000:2000000:725000:725000
598007.77,-10000,4017000,240,Discharging,2000000:2000000:2000000:2000000:2000000:2000000:725000:725000
598010.43,-113000,4017000,240,Discharging,2000000:2000000:2000000:2000000:2000000:2000000:725000:725000
598011.45,-199000,4017000,240,Discharging,2000000:2000000:2000000:2000000:2000000:2000000:725000:725000
598013.28,-57000,4017000,240,Discharging,2000000:2000000:2000000:2000000:2000000:2000000:725000:725000
598016.25,-10000,4017000,240,Discharging,2000000:2000000:2000000:2000000:2000000:2000000:900000:900000
598018.69,-8000,4017000,240,Discharging,500000:500000:500000:500000:500000:500000:725000:725000
598020.55,-74000,4017000,240,Discharging,2000000:2000000:2000000:2000000:2000000:2000000:725000:725000
598024.10,-64000,4017000,240,Discharging,2000000:2000000:2000000:2000000:2000000:2000000:725000:725000
598027.41,-24000,4017000,240,Discharging,2000000:2000000:2000000:2000000:2000000:2000000:725000:725000
598029.93,-24000,4017000,240,Discharging,2000000:2000000:2000000:2000000:2000000:2000000:725000:725000
598032.45,-65000,4017000,240,Discharging,2000000:2000000:2000000:2000000:2000000:2000000:725000:725000
598035.62,-12000,4017000,240,Discharging,2000000:2000000:2000000:2000000:2000000:2000000:725000:725000
598038.10,-23000,4017000,240,Discharging,2000000:2000000:2000000:2000000:2000000:2000000:725000:725000
598040.39,-70000,4017000,240,Discharging,2000000:2000000:2000000:2000000:2000000:2000000:725000:725000
598043.72,-19000,4017000,240,Discharging,2000000:2000000:2000000:2000000:2000000:2000000:725000:725000
598046.87,-9000,4017000,240,Discharging,2000000:2000000:2000000:2000000:2000000:2000000:725000:725000
598049.39,-10000,4017000,240,Discharging,2000000:2000000:2000000:2000000:2000000:2000000:725000:725000
598051.82,-76000,4017000,240,Discharging,2000000:2000000:2000000:2000000:2000000:2000000:725000:725000
598055.18,-95000,4017000,240,Discharging,2000000:2000000:2000000:2000000:2000000:2000000:725000:725000
598058.54,-9000,4017000,240,Discharging,2000000:2000000:2000000:2000000:2000000:2000000:725000:725000
598061.06,-9000,4017000,240,Discharging,2000000:2000000:2000000:2000000:2000000:2000000:725000:725000
598064.21,-128000,4017000,240,Discharging,2000000:2000000:2000000:2000000:2000000:2000000:725000:725000
598067.56,-10000,4017000,240,Discharging,2000000:2000000:2000000:2000000:2000000:2000000:725000:725000
598070.08,-8000,4017000,240,Discharging,2000000:2000000:2000000:2000000:2000000:2000000:725000:725000
598073.08,-155000,4017000,240,Discharging,2000000:2000000:2000000:2000000:2000000:2000000:1300000:1300000
598075.61,-11000,4017000,240,Discharging,2000000:2000000:2000000:2000000:2000000:2000000:725000:725000
598079.23,-85000,4017000,240,Discharging,2000000:2000000:2000000:2000000:2000000:2000000:725000:725000
598081.74,-42000,4017000,230,Discharging,2000000:2000000:2000000:2000000:2000000:2000000:725000:725000
598085.30,-25000,4017000,240,Discharging,2000000:2000000:2000000:2000000:2000000:2000000:725000:725000
598088.65,-17000,4017000,240,Discharging,2000000:2000000:2000000:2000000:2000000:2000000:725000:725000
598091.37,-78000,4017000,240,Discharging,2000000:2000000:2000000:2000000:2000000:2000000:725000:725000
598093.44,-220000,4017000,240,Discharging,2000000:2000000:2000000:2000000:2000000:2000000:725000:725000
598095.31,-166000,4017000,240,Discharging,2000000:2000000:2000000:2000000:2000000:2000000:725000:725000
598098.12,-14000,4017000,240,Discharging,2000000:2000000:2000000:2000000:2000000:2000000:725000:725000
598100.62,-12000,4017000,240,Discharging,2000000:2000000:2000000:2000000:2000000:2000000:725000:725000
598104.04,-12000,4017000,240,Discharging,2000000:2000000:2000000:2000000:2000000:2000000:725000:725000
598106.06,-85000,4017000,240,Discharging,2000000:2000000:2000000:2000000:2000000:2000000:725000:725000
598109.09,-9000,4017000,240,Discharging,2000000:2000000:2000000:2000000:2000000:2000000:725000:725000
598113.27,-10000,4017000,240,Discharging,2000000:2000000:2000000:2000000:2000000:2000000:725000:725000
598116.37,-63000,4017000,240,Discharging,2000000:2000000:2000000:2000000:2000000:2000000:725000:725000
598118.69,-53000,4017000,230,Discharging,2000000:2000000:2000000:2000000:2000000:2000000:725000:725000
598121.18,-80000,4000000,240,Discharging,2000000:2000000:2000000:2000000:2000000:2000000:725000:725000
598124.33,-57000,4000000,240,Discharging,2000000:2000000:2000000:2000000:2000000:2000000:725000:725000
598127.90,-17000,4000000,230,Discharging,2000000:2000000:2000000:2000000:2000000:2000000:725000:725000
598130.37,-16000,4000000,230,Discharging,2000000:2000000:2000000:2000000:2000000:2000000:725000:725000
598132.77,-12000,4000000,240,Discharging,2000000:2000000:2000000:2000000:2000000:2000000:725000:725000
598134.52,-114000,4000000,240,Discharging,2000000:2000000:2000000:2000000:2000000:2000000:725000:725000
598136.26,-158000,4000000,230,Discharging,2000000:2000000:2000000:2000000:2000000:2000000:725000:725000
598138.88,-28000,4000000,230,Discharging,2000000:2000000:2000000:2000000:2000000:2000000:725000:725000
598142.44,-52000,4000000,230,Discharging,2000000:2000000:2000000:2000000:2000000:2000000:725000:725000
598145.80,-74000,4000000,240,Discharging,2000000:2000000:2000000:2000000:2000000:2000000:725000:725000
598148.31,-57000,4000000,240,Discharging,2000000:2000000:2000000:2000000:2000000:2000000:725000:725000
598151.52,-11000,4000000,230,Discharging,2000000:2000000:2000000:2000000:2000000:2000000:725000:725000
598153.37,-125000,4000000,240,Discharging,2000000:2000000:2000000:2000000:2000000:2000000:800000:800000
598155.67,-17000,4000000,240,Discharging,2000000:2000000:2000000:2000000:2000000:2000000:725000:725000
598159.03,-35000,4000000,240,Discharging,2000000:2000000:2000000:2000000:2000000:2000000:725000:725000
598162.59,-11000,4000000,230,Discharging,2000000:2000000:2000000:2000000:2000000:2000000:900000:900000
598165.10,-55000,4000000,230,Discharging,2000000:2000000:2000000:2000000:2000000:2000000:725000:725000
598168.05,-16000,4000000,230,Discharging,2000000:2000000:2000000:2000000:2000000:2000000:725000:725000
598170.64,-8000,4000000,230,Discharging,2000000:2000000:2000000:2000000:2000000:2000000:725000:725000
598172.31,-131000,4000000,240,Discharging,2000000:2000000:2000000:2000000:2000000:2000000:725000:725000
598175.50,-18000,4000000,230,Discharging,2000000:2000000:2000000:2000000:2000000:2000000:725000:725000
598178.87,-28000,4000000,230,Discharging,2000000:2000000:2000000:2000000:2000000:2000000:900000:900000
598181.38,-22000,4000000,230,Discharging,2000000:2000000:2000000:2000000:2000000:2000000:725000:725000
598184.33,-32000,4000000,230,Discharging,2000000:2000000:2000000:2000000:2000000:2000000:725000:725000
598186.86,-39000,4000000,230,Discharging,2000000:2000000:2000000:2000000:2000000:2000000:1100000:1100000
598189.37,-63000,4000000,230,Discharging,2000000:2000000:2000000:2000000:2000000:2000000:725000:725000
598192.73,-67000,4000000,230,Discharging,2000000:2000000:2000000:2000000:2000000:2000000:725000:725000
598196.09,-8000,4000000,230,Discharging,2000000:2000000:2000000:2000000:2000000:2000000:725000:725000
598197.68,-92000,4000000,230,Discharging,2000000:2000000:2000000:2000000:2000000:2000000:725000:725000
598200.62,-37000,4000000,230,Discharging,2000000:2000000:2000000:2000000:2000000:2000000:725000:725000
598204.18,-9000,4000000,230,Discharging,2000000:2000000:2000000:2000000:2000000:2000000:725000:725000
598206.70,-9000,4000000,230,Discharging,2000000:2000000:2000000:2000000:2000000:2000000:725000:725000
598209.85,-20000,4000000,230,Discharging,2000000:2000000:2000000:2000000:2000000:2000000:725000:725000
598212.77,-13000,4000000,230,Discharging,2000000:2000000:2000000:2000000:2000000:2000000:725000:725000
598214.45,-152000,4000000,230,Discharging,2000000:2000000:2000000:2000000:2000000:2000000:725000:725000
598217.76,-75000,4000000,230,Discharging,2000000:2000000:2000000:2000000:2000000:2000000:725000:725000
598220.46,-8000,4000000,230,Discharging,2000000:2000000:2000000:2000000:2000000:2000000:725000:725000
598223.16,-40000,4000000,230,Discharging,2000000:2000000:2000000:2000000:2000000:2000000:725000:725000
598225.89,-145000,4000000,230,Discharging,2000000:2000000:2000000:2000000:2000000:2000000:725000:725000
598228.49,-8000,4000000,230,Discharging,2000000:2000000:2000000:2000000:2000000:2000000:725000:725000
598230.88,-8000,4000000,230,Discharging,2000000:2000000:2000000:2000000:2000000:2000000:725000:725000
598233.55,-9000,4000000,230,Discharging,2000000:2000000:2000000:2000000:2000000:2000000:725000:725000
598236.26,-46000,4000000,230,Discharging,2000000:2000000:2000000:2000000:2000000:2000000:725000:725000
598239.90,-88000,4000000,230,Discharging,2000000:2000000:2000000:2000000:2000000:2000000:725000:725000
598242.56,-8000,4000000,230,Discharging,2000000:2000000:2000000:2000000:2000000:2000000:1100000:1100000
598244.91,-24000,4000000,230,Discharging,2000000:2000000:2000000:2000000:2000000:2000000:725000:725000
598247.43,-120000,4000000,230,Discharging,2000000:2000000:2000000:2000000:2000000:2000000:725000:725000
598250.04,-11000,4000000,230,Discharging,2000000:2000000:2000000:2000000:2000000:2000000:725000:725000
598252.64,-85000,4000000,230,Discharging,2000000:2000000:2000000:2000000:2000000:2000000:725000:725000
598254.79,-15000,4000000,230,Discharging,2000000:2000000:2000000:2000000:2000000:2000000:725000:725000
598257.21,-46000,4000000,230,Discharging,2000000:2000000:2000000:2000000:2000000:2000000:725000:725000
598259.68,-94000,4000000,230,Discharging,2000000:2000000:2000000:2000000:2000000:2000000:725000:725000
598262.60,-60000,4000000,240,Discharging,2000000:2000000:2000000:2000000:2000000:2000000:725000:725000
598264.96,-70000,4000000,230,Discharging,2000000:2000000:2000000:2000000:2000000:2000000:725000:725000
598267.48,-56000,4000000,230,Discharging,2000000:2000000:2000000:2000000:2000000:2000000:725000:725000
598270.96,-10000,4000000,230,Discharging,2000000:2000000:2000000:2000000:2000000:2000000:725000:725000
598272.49,-89000,4000000,230,Discharging,2000000:2000000:2000000:2000000:2000000:2000000:725000:725000
598275.10,-10000,4000000,230,Discharging,2000000:2000000:2000000:2000000:2000000:2000000:725000:725000
598276.90,-151000,4000000,240,Discharging,2000000:2000000:2000000:2000000:2000000:2000000:725000:725000
598279.18,-15000,4000000,230,Discharging,2000000:2000000:2000000:2000000:2000000:2000000:725000:725000
598281.73,-53000,4000000,230,Discharging,2000000:2000000:2000000:2000000:2000000:2000000:725000:725000
598283.58,-8000,4000000,230,Discharging,2000000:2000000:2000000:2000000:2000000:2000000:725000:725000
598286.10,-8000,4000000,230,Discharging,2000000:2000000:2000000:2000000:2000000:2000000:725000:725000
598288.33,-179000,4000000,230,Discharging,2000000:2000000:2000000:2000000:2000000:2000000:725000:725000
598290.75,-55000,4000000,230,Discharging,2000000:2000000:2000000:2000000:2000000:2000000:725000:725000
598293.46,-89000,4000000,230,Discharging,2000000:2000000:2000000:2000000:2000000:2000000:725000:725000
598295.97,-81000,4000000,230,Discharging,2000000:2000000:2000000:2000000:2000000:2000000:725000:725000
598299.22,-10000,4000000,240,Discharging,2000000:2000000:2000000:2000000:2000000:2000000:725000:725000
598301.95,-62000,4000000,230,Discharging,2000000:2000000:2000000:2000000:2000000:2000000:725000:725000
598304.45,-11000,4000000,230,Discharging,2000000:2000000:2000000:2000000:2000000:2000000:725000:725000
598306.97,-177000,4000000,230,Discharging,2000000:2000000:2000000:2000000:2000000:2000000:725000:725000
598310.31,-61000,4000000,230,Discharging,2000000:2000000:2000000:2000000:2000000:2000000:725000:725000
598312.94,-8000,4000000,230,Discharging,2000000:2000000:2000000:2000000:2000000:2000000:725000:725000
598315.26,-28000,4000000,230,Discharging,2000000:2000000:2000000:2000000:2000000:2000000:725000:725000
598318.16,-8000,4000000,230,Discharging,2000000:2000000:2000000:2000000:2000000:2000000:725000:725000
598321.51,-58000,4000000,230,Discharging,2000000:2000000:2000000:2000000:2000000:2000000:900000:900000
598325.03,-15000,4000000,230,Discharging,2000000:2000000:2000000:2000000:2000000:2000000:725000:725000
598327.49,-12000,4000000,230,Discharging,2000000:2000000:2000000:2000000:2000000:2000000:725000:725000
598329.05,-135000,4000000,230,Discharging,2000000:2000000:2000000:2000000:2000000:2000000:725000:725000
598331.66,-12000,4000000,230,Discharging,2000000:2000000:2000000:2000000:2000000:2000000:725000:725000
598333.37,-231000,4000000,230,Discharging,2000000:2000000:2000000:2000000:2000000:2000000:725000:725000
598334.41,-203000,4000000,230,Discharging,2000000:2000000:2000000:2000000:2000000:2000000:725000:725000
598336.08,-70000,4000000,230,Discharging,2000000:2000000:2000000:2000000:2000000:2000000:725000:725000
598338.40,-10000,4000000,230,Discharging,2000000:2000000:2000000:2000000:2000000:2000000:725000:725000
598341.12,-10000,4000000,230,Discharging,2000000:2000000:2000000:2000000:2000000:2000000:800000:800000
598342.15,-188000,4000000,230,Discharging,2000000:2000000:2000000:2000000:2000000:2000000:725000:725000
598343.63,-208000,4000000,230,Discharging,2000000:2000000:2000000:2000000:2000000:2000000:900000:900000
598346.50,-28000,4000000,230,Discharging,2000000:2000000:2000000:2000000:2000000:2000000:800000:800000
598348.37,-188000,4000000,230,Discharging,2000000:2000000:2000000:2000000:2000000:2000000:725000:725000
598351.10,-106000,4000000,230,Discharging,2000000:2000000:2000000:2000000:2000000:2000000:725000:725000
598354.49,-14000,4000000,230,Discharging,2000000:2000000:2000000:2000000:2000000:2000000:725000:725000
598356.15,-252000,4000000,230,Discharging,2000000:2000000:2000000:2000000:2000000:2000000:725000:725000
598357.76,-153000,4000000,230,Discharging,2000000:2000000:2000000:2000000:2000000:2000000:725000:725000
598360.15,-30000,4000000,230,Discharging,2000000:2000000:2000000:2000000:2000000:2000000:725000:725000
598363.35,-18000,4000000,230,Discharging,2000000:2000000:2000000:2000000:2000000:2000000:725000:725000
598366.16,-14000,4000000,240,Discharging,2000000:2000000:2000000:2000000:2000000:2000000:725000:800000
598367.20,-179000,4000000,240,Discharging,2000000:2000000:2000000:2000000:2000000:2000000:725000:725000
598370.46,-59000,4000000,230,Discharging,2000000:2000000:2000000:2000000:2000000:2000000:725000:725000
598373.06,-42000,4000000,240,Discharging,2000000:2000000:2000000:2000000:2000000:2000000:725000:725000
598375.21,-135000,4000000,230,Discharging,2000000:2000000:2000000:2000000:2000000:2000000:725000:725000
598377.72,-109000,4000000,230,Discharging,2000000:2000000:2000000:2000000:2000000:2000000:725000:725000
598381.23,-19000,4000000,230,Discharging,2000000:2000000:2000000:2000000:2000000:2000000:725000:725000
598383.72,-12000,4000000,230,Discharging,2000000:2000000:2000000:2000000:2000000:2000000:725000:725000
598386.40,-67000,4000000,240,Discharging,2000000:2000000:2000000:2000000:2000000:2000000:725000:725000
598388.92,-120000,4000000,230,Discharging,2000000:2000000:2000000:2000000:2000000:2000000:725000:725000
598392.27,-32000,4000000,230,Discharging,2000000:2000000:2000000:2000000:2000000:2000000:725000:725000
598394.93,-10000,4000000,230,Discharging,2000000:2000000:2000000:2000000:2000000:2000000:1500000:1500000
598396.60,-36000,4000000,240,Discharging,2000000:2000000:2000000:2000000:2000000:2000000:725000:725000
598399.43,-120000,4000000,230,Discharging,2000000:2000000:2000000:2000000:2000000:2000000:725000:725000
598401.60,-40000,4000000,230,Discharging,2000000:2000000:2000000:2000000:2000000:2000000:725000:725000
598404.33,-21000,4000000,230,Discharging,2000000:2000000:2000000:2000000:2000000:2000000:725000:725000
598406.80,-114000,4000000,230,Discharging,2000000:2000000:2000000:2000000:2000000:2000000:725000:725000
598409.31,-77000,4000000,230,Discharging,2000000:2000000:2000000:2000000:2000000:2000000:725000:725000
598412.66,-49000,4000000,230,Discharging,2000000:2000000:2000000:2000000:2000000:2000000:900000:900000
598414.36,-13000,4000000,230,Discharging,2000000:2000000:2000000:2000000:2000000:2000000:725000:725000
598415.74,-30000,4012000,230,Discharging,2000000:2000000:2000000:2000000:2000000:2000000:725000:725000
598419.12,-7000,4012000,230,Discharging,2000000:2000000:2000000:2000000:2000000:2000000:725000:725000
598421.79,-7000,4012000,230,Discharging,2000000:2000000:2000000:2000000:2000000:2000000:725000:725000
598424.28,-42000,4012000,230,Discharging,2000000:2000000:2000000:2000000:2000000:2000000:725000:725000
598427.00,-8000,4012000,230,Discharging,2000000:2000000:2000000:2000000:2000000:2000000:725000:725000
598430.37,-106000,4012000,230,Discharging,2000000:2000000:2000000:2000000:2000000:2000000:800000:800000
598432.08,-53000,4012000,230,Discharging,2000000:2000000:2000000:2000000:2000000:2000000:725000:725000
598434.64,-10000,4012000,230,Discharging,2000000:2000000:2000000:2000000:2000000:2000000:725000:725000
598437.36,-122000,4012000,230,Discharging,2000000:2000000:2000000:2000000:2000000:2000000:725000:725000
598441.01,-65000,4012000,230,Discharging,2000000:2000000:2000000:2000000:2000000:2000000:800000:800000
598443.78,-10000,4012000,230,Discharging,2000000:2000000:2000000:2000000:2000000:2000000:725000:725000
598445.81,-66000,4012000,230,Discharging,2000000:2000000:2000000:2000000:2000000:2000000:725000:725000
598447.70,-56000,4012000,230,Discharging,2000000:2000000:2000000:2000000:2000000:2000000:725000:725000
598451.08,-75000,4012000,230,Discharging,2000000:2000000:2000000:2000000:2000000:2000000:725000:725000
598453.71,-23000,4012000,230,Discharging,2000000:2000000:2000000:2000000:2000000:2000000:1100000:1100000
598456.45,-64000,4012000,230,Discharging,2000000:2000000:2000000:2000000:2000000:2000000:725000:725000
598457.97,-204000,4012000,230,Discharging,2000000:2000000:2000000:2000000:2000000:2000000:725000:725000
598461.01,-34000,4012000,230,Discharging,2000000:2000000:2000000:2000000:2000000:2000000:725000:725000
598462.48,-122000,4012000,230,Discharging,2000000:2000000:2000000:2000000:2000000:2000000:725000:725000
598465.15,-24000,4012000,230,Discharging,2000000:2000000:2000000:2000000:2000000:2000000:725000:725000
598467.46,-74000,4012000,230,Discharging,2000000:2000000:2000000:2000000:2000000:2000000:725000:725000
598469.84,-156000,4012000,230,Discharging,2000000:2000000:2000000:2000000:2000000:2000000:725000:725000
598472.48,-8000,4012000,230,Discharging,2000000:2000000:2000000:2000000:2000000:2000000:725000:725000
598475.11,-8000,4012000,230,Discharging,2000000:2000000:2000000:2000000:2000000:2000000:725000:725000
598477.64,-10000,4012000,230,Discharging,2000000:2000000:2000000:2000000:2000000:2000000:725000:725000
598480.64,-157000,4012000,230,Discharging,2000000:2000000:2000000:2000000:2000000:2000000:900000:900000
598483.10,-85000,4012000,230,Discharging,2000000:2000000:2000000:2000000:2000000:2000000:800000:800000
598485.84,-18000,4012000,230,Discharging,2000000:2000000:2000000:2000000:2000000:2000000:725000:725000
598488.26,-61000,4012000,240,Discharging,2000000:2000000:2000000:2000000:2000000:2000000:725000:725000
598491.60,-64000,4012000,230,Discharging,2000000:2000000:2000000:2000000:2000000:2000000:725000:725000
598493.90,-164000,4012000,230,Discharging,2000000:2000000:2000000:2000000:2000000:2000000:725000:725000
598495.75,-52000,4012000,230,Discharging,2000000:2000000:2000000:2000000:2000000:2000000:725000:725000
598498.26,-54000,4012000,230,Discharging,2000000:2000000:2000000:2000000:2000000:2000000:725000:725000
598501.10,-7000,4012000,230,Discharging,2000000:2000000:2000000:2000000:2000000:2000000:725000:725000
598504.71,-7000,4012000,230,Discharging,2000000:2000000:2000000:2000000:2000000:2000000:1000000:1000000
598506.37,-146000,4015000,230,Discharging,2000000:2000000:2000000:2000000:2000000:2000000:725000:725000
598507.62,-127000,4015000,230,Discharging,2000000:2000000:2000000:2000000:2000000:2000000:725000:725000
598509.91,-10000,4015000,230,Discharging,2000000:2000000:2000000:2000000:2000000:2000000:725000:725000
598512.51,-35000,4015000,230,Discharging,2000000:2000000:2000000:2000000:2000000:2000000:725000:725000
598515.00,-137000,4015000,230,Discharging,2000000:2000000:2000000:2000000:2000000:2000000:725000:725000
598517.90,-103000,4015000,230,Discharging,2000000:2000000:2000000:2000000:2000000:2000000:725000:725000
598520.51,-11000,4015000,230,Discharging,2000000:2000000:2000000:2000000:2000000:2000000:725000:725000
598523.96,-111000,4015000,230,Discharging,2000000:2000000:2000000:2000000:2000000:2000000:725000:725000
598525.80,-12000,4015000,230,Discharging,2000000:2000000:2000000:2000000:2000000:2000000:800000:800000
598528.11,-31000,4015000,230,Discharging,2000000:2000000:2000000:2000000:2000000:2000000:725000:725000
598530.78,-42000,4015000,230,Discharging,2000000:2000000:2000000:2000000:2000000:2000000:725000:725000
598533.28,-77000,4015000,230,Discharging,2000000:2000000:2000000:2000000:2000000:2000000:725000:725000
598536.86,-13000,4015000,230,Discharging,2000000:2000000:2000000:2000000:2000000:2000000:800000:800000
598538.20,-85000,4015000,240,Discharging,2000000:2000000:2000000:2000000:2000000:2000000:725000:725000
598541.57,-10000,4015000,230,Discharging,2000000:2000000:2000000:2000000:2000000:2000000:1100000:1100000
598543.01,-193000,4015000,230,Discharging,2000000:2000000:2000000:2000000:2000000:2000000:900000:900000
598545.60,-22000,4015000,230,Discharging,2000000:2000000:2000000:2000000:2000000:2000000:725000:725000
598548.12,-186000,4015000,230,Discharging,2000000:2000000:2000000:2000000:2000000:2000000:725000:725000
598551.45,-52000,4015000,230,Discharging,2000000:2000000:2000000:2000000:2000000:2000000:725000:725000
598554.07,-10000,4015000,230,Discharging,2000000:2000000:2000000:2000000:2000000:2000000:725000:725000
598556.81,-11000,4015000,230,Discharging,2000000:2000000:2000000:2000000:2000000:2000000:725000:725000
598559.33,-9000,4015000,230,Discharging,2000000:2000000:2000000:2000000:2000000:2000000:725000:725000
598563.08,-12000,4015000,230,Discharging,2000000:2000000:2000000:2000000:2000000:2000000:800000:800000
598565.74,-10000,4015000,230,Discharging,2000000:2000000:2000000:2000000:2000000:2000000:725000:725000
598568.24,-10000,4015000,230,Discharging,2000000:2000000:2000000:2000000:2000000:2000000:725000:725000
598570.13,-17000,4015000,230,Discharging,2000000:2000000:2000000:2000000:2000000:2000000:725000:725000
598573.52,-156000,4015000,240,Discharging,2000000:2000000:2000000:2000000:2000000:2000000:1600000:1600000
598576.39,-25000,4015000,230,Discharging,2000000:2000000:2000000:2000000:2000000:2000000:1100000:1100000
598579.26,-8000,4015000,230,Discharging,2000000:2000000:2000000:2000000:2000000:2000000:900000:900000
598581.74,-9000,4015000,230,Discharging,2000000:2000000:2000000:2000000:2000000:2000000:725000:725000
598584.02,-10000,4015000,230,Discharging,2000000:2000000:2000000:2000000:2000000:2000000:725000:725000
598587.09,-97000,4015000,230,Discharging,2000000:2000000:2000000:2000000:2000000:2000000:725000:725000
598589.40,-19000,4015000,230,Discharging,2000000:2000000:2000000:2000000:2000000:2000000:900000:900000
598592.82,-73000,4015000,230,Discharging,2000000:2000000:2000000:2000000:2000000:2000000:725000:725000
598596.25,-11000,4015000,230,Discharging,2000000:2000000:2000000:2000000:2000000:2000000:900000:900000
598599.02,-10000,4015000,230,Discharging,2000000:2000000:2000000:2000000:2000000:2000000:725000:725000
598600.69,-9000,4015000,230,Discharging,2000000:2000000:2000000:2000000:2000000:2000000:725000:725000
598602.99,-213000,4015000,230,Discharging,2000000:2000000:2000000:2000000:2000000:2000000:725000:725000
598605.62,-54000,4015000,230,Discharging,2000000:2000000:2000000:2000000:2000000:2000000:725000:725000
598608.29,-11000,4015000,230,Discharging,2000000:2000000:2000000:2000000:2000000:2000000:725000:725000
598610.79,-43000,4015000,230,Discharging,2000000:2000000:2000000:2000000:2000000:2000000:725000:725000
598613.48,-151000,4015000,240,Discharging,2000000:2000000:2000000:2000000:2000000:2000000:725000:725000
598616.19,-12000,4015000,230,Discharging,2000000:2000000:2000000:2000000:2000000:2000000:725000:725000
598618.44,-82000,4015000,230,Discharging,2000000:2000000:2000000:2000000:2000000:2000000:725000:725000
598621.34,-7000,4015000,230,Discharging,2000000:2000000:2000000:2000000:2000000:2000000:1000000:1000000
598623.65,-67000,4015000,230,Discharging,2000000:2000000:2000000:2000000:2000000:2000000:725000:725000
598627.18,-9000,4015000,230,Discharging,2000000:2000000:2000000:2000000:2000000:2000000:1000000:1000000
598629.86,-90000,4015000,230,Discharging,2000000:2000000:2000000:2000000:2000000:2000000:725000:725000
598631.89,-220000,4015000,240,Discharging,2000000:2000000:2000000:2000000:2000000:2000000:900000:900000
598633.79,-124000,4015000,240,Discharging,2000000:2000000:2000000:2000000:2000000:2000000:725000:725000
598637.01,-51000,4015000,230,Discharging,2000000:2000000:2000000:2000000:2000000:2000000:725000:725000
598640.08,-8000,4015000,230,Discharging,2000000:2000000:2000000:2000000:2000000:2000000:2200000:2200000
598642.64,-9000,4015000,230,Discharging,2000000:2000000:2000000:2000000:2000000:2000000:725000:725000
598644.20,-124000,4015000,230,Discharging,2000000:2000000:2000000:2000000:2000000:2000000:725000:725000
598646.48,-8000,4015000,230,Discharging,2000000:2000000:2000000:2000000:2000000:2000000:725000:725000
598649.12,-8000,4015000,230,Discharging,2000000:2000000:2000000:2000000:2000000:2000000:725000:725000
598651.65,-9000,4015000,230,Discharging,2000000:2000000:2000000:2000000:2000000:2000000:725000:725000
598654.37,-42000,4015000,230,Discharging,2000000:2000000:2000000:2000000:2000000:2000000:725000:725000
598657.03,-10000,4015000,230,Discharging,2000000:2000000:2000000:2000000:2000000:2000000:725000:725000
598658.84,-85000,4015000,230,Discharging,2000000:2000000:2000000:2000000:2000000:2000000:725000:725000
598661.49,-218000,4015000,230,Discharging,2000000:2000000:2000000:2000000:2000000:2000000:900000:900000
598663.36,-149000,4015000,230,Discharging,2000000:2000000:2000000:2000000:2000000:2000000:725000:725000
598664.40,-282000,4015000,230,Discharging,2000000:2000000:2000000:2000000:2000000:2000000:725000:725000
598666.23,-68000,4015000,240,Discharging,2000000:2000000:2000000:2000000:2000000:2000000:725000:725000
598668.68,-88000,4015000,230,Discharging,2000000:2000000:2000000:2000000:2000000:2000000:725000:725000
598671.32,-10000,4015000,230,Discharging,2000000:2000000:2000000:2000000:2000000:2000000:1000000:1000000
598673.83,-38000,4015000,230,Discharging,2000000:2000000:2000000:2000000:2000000:2000000:725000:725000
598676.50,-10000,4015000,230,Discharging,2000000:2000000:2000000:2000000:2000000:2000000:725000:725000
598679.00,-9000,4015000,230,Discharging,2000000:2000000:2000000:2000000:2000000:2000000:800000:800000
598681.52,-10000,4015000,230,Discharging,2000000:2000000:2000000:2000000:2000000:2000000:725000:725000
598684.75,-10000,4015000,230,Discharging,2000000:2000000:2000000:2000000:2000000:2000000:725000:725000
598687.32,-34000,4015000,230,Discharging,2000000:2000000:2000000:2000000:2000000:2000000:725000:725000
598690.02,-9000,4015000,230,Discharging,2000000:2000000:2000000:2000000:2000000:2000000:725000:725000
598691.89,-204000,4015000,230,Discharging,2000000:2000000:2000000:2000000:2000000:2000000:725000:725000
598694.20,-106000,4015000,230,Discharging,2000000:2000000:2000000:2000000:2000000:2000000:725000:725000
598696.77,-8000,4015000,230,Discharging,2000000:2000000:2000000:2000000:2000000:2000000:725000:725000
598699.47,-10000,4015000,230,Discharging,2000000:2000000:2000000:2000000:2000000:2000000:725000:725000
598701.98,-8000,4015000,230,Discharging,2000000:2000000:2000000:2000000:2000000:2000000:725000:725000
598705.21,-67000,4015000,240,Discharging,2000000:2000000:2000000:2000000:2000000:2000000:725000:725000
598707.71,-10000,4015000,230,Discharging,2000000:2000000:2000000:2000000:2000000:2000000:725000:725000
598710.13,-94000,4015000,240,Discharging,2000000:2000000:2000000:2000000:2000000:2000000:725000:725000
598711.81,-73000,4015000,230,Discharging,2000000:2000000:2000000:2000000:2000000:2000000:725000:725000
598715.07,-8000,4015000,230,Discharging,2000000:2000000:2000000:2000000:2000000:2000000:725000:725000
598717.87,-163000,4015000,240,Discharging,2000000:2000000:2000000:2000000:2000000:2000000:725000:725000
598720.54,-10000,4015000,240,Discharging,2000000:2000000:2000000:2000000:2000000:2000000:725000:725000
598723.27,-23000,4015000,230,Discharging,2000000:2000000:2000000:2000000:2000000:2000000:725000:725000
598726.28,-94000,4015000,230,Discharging,2000000:2000000:2000000:2000000:2000000:2000000:725000:725000
598729.48,-28000,4015000,230,Discharging,2000000:2000000:2000000:2000000:2000000:2000000:900000:900000
598730.56,-192000,4015000,230,Discharging,2000000:2000000:2000000:2000000:2000000:2000000:725000:725000
598732.67,-60000,4015000,240,Discharging,2000000:2000000:2000000:2000000:2000000:2000000:725000:725000
598735.27,-96000,4015000,240,Discharging,2000000:2000000:2000000:2000000:2000000:2000000:725000:725000
598738.49,-10000,4015000,230,Discharging,2000000:2000000:2000000:2000000:2000000:2000000:1000000:1000000
598740.95,-31000,4015000,230,Discharging,2000000:2000000:2000000:2000000:2000000:2000000:900000:900000
598743.47,-29000,4015000,230,Discharging,2000000:2000000:2000000:2000000:2000000:2000000:725000:725000
598746.68,-28000,4015000,230,Discharging,2000000:2000000:2000000:2000000:2000000:2000000:725000:725000
598749.25,-64000,4015000,230,Discharging,2000000:2000000:2000000:2000000:2000000:2000000:1000000:1000000
598751.74,-44000,4015000,230,Discharging,2000000:2000000:2000000:2000000:2000000:2000000:725000:725000
598754.46,-12000,4015000,230,Discharging,2000000:2000000:2000000:2000000:2000000:2000000:725000:725000
598755.90,-153000,4015000,230,Discharging,2000000:2000000:2000000:2000000:2000000:2000000:725000:725000
598758.87,-10000,4015000,230,Discharging,2000000:2000000:2000000:2000000:2000000:2000000:725000:725000
598761.33,-10000,4015000,230,Discharging,2000000:2000000:2000000:2000000:2000000:2000000:2100000:2100000
598763.80,-10000,4015000,230,Discharging,2000000:2000000:2000000:2000000:2000000:2000000:725000:725000
598765.55,-190000,4015000,230,Discharging,2000000:2000000:2000000:2000000:2000000:2000000:725000:725000
598768.50,-55000,4015000,230,Discharging,2000000:2000000:2000000:2000000:2000000:2000000:800000:800000
598770.83,-35000,4015000,230,Discharging,2000000:2000000:2000000:2000000:2000000:2000000:725000:725000
598772.29,-123000,4015000,230,Discharging,2000000:2000000:2000000:2000000:2000000:2000000:725000:725000
598775.16,-10000,4015000,230,Discharging,2000000:2000000:2000000:2000000:2000000:2000000:725000:725000
598777.92,-17000,4015000,230,Discharging,2000000:2000000:2000000:2000000:2000000:2000000:725000:725000
598780.37,-8000,4015000,230,Discharging,2000000:2000000:2000000:2000000:2000000:2000000:725000:725000
598782.89,-10000,4015000,230,Discharging,2000000:2000000:2000000:2000000:2000000:2000000:725000:725000
598785.20,-7000,4015000,230,Discharging,2000000:2000000:2000000:2000000:2000000:2000000:725000:725000
598787.76,-131000,4015000,230,Discharging,2000000:2000000:2000000:2000000:2000000:2000000:725000:725000
598790.70,-31000,4015000,230,Discharging,2000000:2000000:2000000:2000000:2000000:2000000:725000:725000
598791.74,-177000,4015000,230,Discharging,2000000:2000000:2000000:2000000:2000000:2000000:725000:725000
598792.77,-214000,4015000,230,Discharging,2000000:2000000:2000000:2000000:2000000:2000000:725000:725000
598795.13,-7000,3980000,230,Discharging,2000000:2000000:2000000:2000000:2000000:2000000:725000:725000
598797.55,-12000,3980000,230,Discharging,2000000:2000000:2000000:2000000:2000000:2000000:725000:725000
598798.76,-133000,3980000,230,Discharging,2000000:2000000:2000000:2000000:2000000:2000000:725000:725000
598802.00,-7000,3980000,230,Discharging,2000000:2000000:2000000:2000000:2000000:2000000:725000:725000
598804.88,-9000,3980000,230,Discharging,2000000:2000000:2000000:2000000:2000000:2000000:725000:725000
598807.31,-42000,3980000,230,Discharging,2000000:2000000:2000000:2000000:2000000:2000000:725000:725000
598810.03,-7000,3980000,230,Discharging,2000000:2000000:2000000:2000000:2000000:2000000:725000:725000
598813.40,-42000,3980000,230,Discharging,2000000:2000000:2000000:2000000:2000000:2000000:725000:725000
598816.27,-8000,3980000,230,Discharging,2000000:2000000:2000000:2000000:2000000:2000000:725000:725000
598818.12,-64000,3980000,230,Discharging,2000000:2000000:2000000:2000000:2000000:2000000:725000:725000
598820.44,-119000,3980000,230,Discharging,2000000:2000000:2000000:2000000:2000000:2000000:725000:725000
598824.20,-10000,3980000,230,Discharging,2000000:2000000:2000000:2000000:2000000:2000000:800000:800000
598826.87,-10000,3980000,230,Discharging,2000000:2000000:2000000:2000000:2000000:2000000:725000:725000
598829.20,-39000,3980000,230,Discharging,2000000:2000000:2000000:2000000:2000000:2000000:725000:725000
598830.82,-120000,3980000,230,Discharging,2000000:2000000:2000000:2000000:2000000:2000000:900000:900000
598833.87,-10000,3980000,230,Discharging,2000000:2000000:2000000:2000000:2000000:2000000:725000:725000
598836.11,-8000,3980000,240,Discharging,2000000:2000000:2000000:2000000:2000000:2000000:725000:725000
598839.42,-58000,3980000,230,Discharging,2000000:2000000:2000000:2000000:2000000:2000000:725000:725000
598841.93,-135000,3980000,230,Discharging,2000000:2000000:2000000:2000000:2000000:2000000:725000:725000
598845.30,-10000,3980000,230,Discharging,2000000:2000000:2000000:2000000:2000000:2000000:725000:725000
598847.96,-8000,3980000,230,Discharging,2000000:2000000:2000000:2000000:2000000:2000000:725000:725000
598850.06,-70000,3980000,230,Discharging,2000000:2000000:2000000:2000000:2000000:2000000:725000:725000
598852.77,-10000,3980000,230,Discharging,2000000:2000000:2000000:2000000:2000000:2000000:725000:725000
598855.54,-135000,3980000,230,Discharging,2000000:2000000:2000000:2000000:2000000:2000000:725000:725000
598858.30,-7000,3980000,240,Discharging,2000000:2000000:2000000:2000000:2000000:2000000:800000:800000
598860.89,-7000,4007000,240,Discharging,2000000:2000000:2000000:2000000:2000000:2000000:725000:725000
598863.70,-55000,4007000,230,Discharging,2000000:2000000:2000000:2000000:2000000:2000000:725000:725000
598866.12,-53000,4007000,230,Discharging,2000000:2000000:2000000:2000000:2000000:2000000:725000:725000
598868.78,-17000,4007000,230,Discharging,2000000:2000000:2000000:2000000:2000000:2000000:725000:725000
598871.51,-95000,4007000,230,Discharging,2000000:2000000:2000000:2000000:2000000:2000000:725000:725000
598874.82,-28000,4007000,230,Discharging,2000000:2000000:2000000:2000000:2000000:2000000:725000:725000
598876.82,-98000,4007000,230,Discharging,2000000:2000000:2000000:2000000:2000000:2000000:725000:725000
598879.36,-12000,4007000,230,Discharging,2000000:2000000:2000000:2000000:2000000:2000000:725000:725000
598880.81,-204000,4007000,230,Discharging,2000000:2000000:2000000:2000000:2000000:2000000:725000:725000
598884.20,-8000,4007000,230,Discharging,2000000:2000000:2000000:2000000:2000000:2000000:725000:725000
598886.80,-69000,4007000,230,Discharging,2000000:2000000:2000000:2000000:2000000:2000000:725000:725000
598889.67,-13000,4007000,230,Discharging,2000000:2000000:2000000:2000000:2000000:2000000:725000:725000
598892.59,-138000,4007000,230,Discharging,2000000:2000000:2000000:2000000:2000000:2000000:725000:725000
598895.88,-155000,4007000,230,Discharging,2000000:2000000:2000000:2000000:2000000:2000000:725000:725000
598897.74,-101000,4007000,230,Discharging,2000000:2000000:2000000:2000000:2000000:2000000:725000:725000
598900.09,-10000,4007000,230,Discharging,2000000:2000000:2000000:2000000:2000000:2000000:725000:725000
598902.81,-149000,4007000,230,Discharging,2000000:2000000:2000000:2000000:2000000:2000000:725000:725000
598905.42,-8000,4007000,230,Discharging,2000000:2000000:2000000:2000000:2000000:2000000:900000:900000
598909.46,-32000,4007000,230,Discharging,2000000:2000000:2000000:2000000:2000000:2000000:725000:725000
598911.34,-188000,4007000,230,Discharging,2000000:2000000:2000000:2000000:2000000:2000000:725000:725000
598913.82,-34000,4007000,230,Discharging,2000000:2000000:2000000:2000000:2000000:2000000:725000:725000
598917.08,-82000,4007000,230,Discharging,2000000:2000000:2000000:2000000:2000000:2000000:1100000:1100000
598919.81,-8000,4007000,230,Discharging,2000000:2000000:2000000:2000000:2000000:2000000:725000:725000
598922.48,-10000,4007000,230,Discharging,2000000:2000000:2000000:2000000:2000000:2000000:725000:725000
598925.00,-9000,4007000,230,Discharging,2000000:2000000:2000000:2000000:2000000:2000000:725000:725000
598928.35,-51000,4007000,230,Discharging,2000000:2000000:2000000:2000000:2000000:2000000:1400000:1400000
598931.01,-8000,4007000,240,Discharging,2000000:2000000:2000000:2000000:2000000:2000000:800000:800000
598933.47,-41000,4007000,230,Discharging,2000000:2000000:2000000:2000000:2000000:2000000:900000:900000
598934.50,-179000,4007000,230,Discharging,2000000:2000000:2000000:2000000:2000000:2000000:725000:725000
598935.52,-185000,4007000,230,Discharging,2000000:2000000:2000000:2000000:2000000:2000000:725000:725000
598938.11,-75000,4007000,230,Discharging,2000000:2000000:2000000:2000000:2000000:2000000:725000:725000
598940.58,-10000,4007000,230,Discharging,2000000:2000000:2000000:2000000:2000000:2000000:725000:725000
598942.04,-152000,4007000,230,Discharging,2000000:2000000:2000000:2000000:2000000:2000000:725000:725000
598944.35,-41000,4007000,230,Discharging,2000000:2000000:2000000:2000000:2000000:2000000:725000:725000
598945.80,-55000,4007000,240,Discharging,2000000:2000000:2000000:2000000:2000000:2000000:725000:725000
598948.39,-53000,4007000,230,Discharging,2000000:2000000:2000000:2000000:2000000:2000000:725000:725000
598950.91,-46000,4007000,240,Discharging,2000000:2000000:2000000:2000000:2000000:2000000:725000:725000
598953.34,-10000,4007000,240,Discharging,2000000:2000000:2000000:2000000:2000000:2000000:725000:725000
598955.94,-21000,4007000,230,Discharging,2000000:2000000:2000000:2000000:2000000:2000000:725000:725000
598957.27,-86000,4007000,230,Discharging,2000000:2000000:2000000:2000000:2000000:2000000:725000:725000
598960.57,-51000,4007000,230,Discharging,2000000:2000000:2000000:2000000:2000000:2000000:725000:725000
598963.14,-8000,4007000,230,Discharging,2000000:2000000:2000000:2000000:2000000:2000000:725000:725000
598965.70,-11000,4007000,230,Discharging,2000000:2000000:2000000:2000000:2000000:2000000:725000:725000
598968.63,-8000,4007000,230,Discharging,2000000:2000000:2000000:2000000:2000000:2000000:725000:725000
598971.40,-157000,4007000,230,Discharging,2000000:2000000:2000000:2000000:2000000:2000000:725000:725000
598974.19,-53000,4007000,230,Discharging,2000000:2000000:2000000:2000000:2000000:2000000:725000:725000
598976.75,-35000,4007000,230,Discharging,2000000:2000000:2000000:2000000:2000000:2000000:725000:725000
598979.27,-49000,4007000,230,Discharging,2000000:2000000:2000000:2000000:2000000:2000000:725000:725000
598982.05,-8000,4007000,230,Discharging,2000000:2000000:2000000:2000000:2000000:2000000:725000:725000
598984.61,-90000,4007000,230,Discharging,2000000:2000000:2000000:2000000:2000000:2000000:725000:725000
598986.96,-10000,4007000,230,Discharging,2000000:2000000:2000000:2000000:2000000:2000000:725000:725000
598989.44,-123000,4007000,230,Discharging,2000000:2000000:2000000:2000000:2000000:2000000:725000:725000
598992.55,-10000,4007000,230,Discharging,2000000:2000000:2000000:2000000:2000000:2000000:725000:725000
598995.01,-10000,4007000,230,Discharging,2000000:2000000:2000000:2000000:2000000:2000000:725000:725000
598998.39,-43000,4007000,230,Discharging,2000000:2000000:2000000:2000000:2000000:2000000:1700000:1700000
599000.87,-54000,4007000,230,Discharging,2000000:2000000:2000000:2000000:2000000:2000000:725000:725000
599003.57,-86000,4007000,230,Discharging,2000000:2000000:2000000:2000000:2000000:2000000:725000:725000
599006.24,-12000,4007000,230,Discharging,2000000:2000000:2000000:2000000:2000000:2000000:725000:725000
599008.53,-128000,4007000,230,Discharging,2000000:2000000:2000000:2000000:2000000:2000000:900000:900000
599011.04,-94000,4007000,230,Discharging,2000000:2000000:2000000:2000000:2000000:2000000:725000:725000
599013.71,-14000,4007000,230,Discharging,2000000:2000000:2000000:2000000:2000000:2000000:725000:725000
599015.38,-130000,4007000,230,Discharging,2000000:2000000:2000000:2000000:2000000:2000000:725000:725000
599017.63,-11000,4007000,230,Discharging,2000000:2000000:2000000:2000000:2000000:2000000:900000:900000
599020.62,-120000,4007000,230,Discharging,2000000:2000000:2000000:2000000:2000000:2000000:725000:725000
599023.07,-94000,4007000,230,Discharging,2000000:2000000:2000000:2000000:2000000:2000000:1000000:1000000
599025.02,-67000,4007000,230,Discharging,2000000:2000000:2000000:2000000:2000000:2000000:725000:725000
599027.94,-114000,4007000,230,Discharging,2000000:2000000:2000000:2000000:2000000:2000000:725000:725000
599031.41,-29000,4007000,230,Discharging,2000000:2000000:2000000:2000000:2000000:2000000:725000:725000
599034.13,-10000,4007000,230,Discharging,2000000:2000000:2000000:2000000:2000000:2000000:725000:725000
599036.88,-62000,4007000,230,Discharging,2000000:2000000:2000000:2000000:2000000:2000000:725000:725000
599039.50,-17000,4007000,230,Discharging,2000000:2000000:2000000:2000000:2000000:2000000:725000:725000
599042.64,-32000,4007000,240,Discharging,2000000:2000000:2000000:2000000:2000000:2000000:725000:725000
599045.30,-74000,4007000,230,Discharging,2000000:2000000:2000000:2000000:2000000:2000000:725000:725000
599047.73,-11000,4007000,230,Discharging,2000000:2000000:2000000:2000000:2000000:2000000:725000:725000
599050.46,-95000,4007000,230,Discharging,2000000:2000000:2000000:2000000:2000000:2000000:725000:725000
599054.21,-86000,4007000,230,Discharging,2000000:2000000:2000000:2000000:2000000:2000000:725000:725000
599057.07,-23000,4007000,230,Discharging,2000000:2000000:2000000:2000000:2000000:2000000:1100000:1100000
599059.52,-13000,4007000,230,Discharging,2000000:2000000:2000000:2000000:2000000:2000000:1000000:1000000
599062.04,-24000,4007000,230,Discharging,2000000:2000000:2000000:2000000:2000000:2000000:725000:725000
599064.48,-12000,4007000,240,Discharging,2000000:2000000:2000000:2000000:2000000:2000000:725000:725000
599065.88,-85000,4007000,230,Discharging,2000000:2000000:2000000:2000000:2000000:2000000:725000:725000
599067.71,-62000,4007000,240,Discharging,2000000:2000000:2000000:2000000:2000000:2000000:1000000:1000000
599070.23,-69000,4007000,230,Discharging,2000000:2000000:2000000:2000000:2000000:2000000:725000:725000
599073.65,-64000,4007000,230,Discharging,2000000:2000000:2000000:2000000:2000000:2000000:725000:725000
599076.33,-146000,4007000,230,Discharging,2000000:2000000:2000000:2000000:2000000:2000000:800000:800000
599078.98,-21000,4007000,230,Discharging,2000000:2000000:2000000:2000000:2000000:2000000:900000:900000
599081.26,-84000,4007000,230,Discharging,500000:500000:500000:500000:500000:500000:725000:725000
599083.77,-39000,4007000,240,Discharging,500000:500000:500000:500000:500000:500000:725000:725000
