t_s,current_uA,voltage_uV,batt_temp_deciC,status,cpu_freqs_kHz
600102.54,-153000,3965000,270,Discharging,2000000:2000000:2000000:2000000:2000000:2000000:2200000:2200000
600103.56,-512000,3965000,270,Discharging,500000:500000:500000:500000:500000:500000:900000:900000
600104.58,-192000,3965000,270,Discharging,750000:750000:750000:750000:750000:1450000:725000:725000
600105.61,-302000,3965000,270,Discharging,2000000:2000000:2000000:2000000:2000000:2000000:725000:725000
600106.63,-288000,3965000,270,Discharging,2000000:2000000:2000000:2000000:2000000:2000000:725000:725000
600107.65,-260000,3965000,270,Discharging,2000000:2000000:2000000:2000000:2000000:2000000:725000:725000
600108.67,-274000,3965000,270,Discharging,2000000:2000000:2000000:2000000:2000000:2000000:725000:725000
600109.69,-285000,3965000,270,Discharging,2000000:2000000:2000000:2000000:2000000:2000000:1100000:1100000
600110.72,-313000,3965000,270,Discharging,2000000:2000000:2000000:2000000:2000000:2000000:725000:725000
600111.74,-345000,3927000,270,Discharging,2000000:2000000:2000000:2000000:2000000:2000000:725000:725000
600112.77,-379000,3927000,270,Discharging,2000000:2000000:2000000:2000000:2000000:2000000:725000:725000
600113.80,-199000,3927000,270,Discharging,2000000:2000000:2000000:2000000:2000000:2000000:725000:725000
600114.93,-189000,3927000,270,Discharging,2000000:2000000:2000000:2000000:2000000:2000000:725000:725000
600117.40,-11000,3927000,270,Discharging,2000000:2000000:2000000:2000000:2000000:2000000:725000:725000
600119.06,-67000,3927000,270,Discharging,2000000:2000000:2000000:2000000:2000000:2000000:725000:725000
600121.70,-12000,3927000,270,Discharging,2000000:2000000:2000000:2000000:2000000:2000000:725000:725000
600122.73,-249000,3927000,270,Discharging,2000000:2000000:2000000:2000000:2000000:2000000:725000:725000
600126.35,-10000,3927000,270,Discharging,2000000:2000000:2000000:2000000:2000000:2000000:900000:900000
600128.76,-11000,3927000,270,Discharging,2000000:2000000:2000000:2000000:2000000:2000000:725000:725000
600132.32,-14000,3927000,270,Discharging,2000000:2000000:2000000:2000000:2000000:2000000:725000:725000
600134.19,-152000,3927000,270,Discharging,2000000:2000000:2000000:2000000:2000000:2000000:725000:725000
600135.22,-145000,3927000,270,Discharging,2000000:2000000:2000000:2000000:2000000:2000000:725000:725000
600137.10,-62000,3927000,270,Discharging,2000000:2000000:2000000:2000000:2000000:2000000:1100000:1100000
600139.20,-58000,3927000,270,Discharging,2000000:2000000:2000000:2000000:2000000:2000000:725000:725000
600141.74,-120000,3927000,270,Discharging,2000000:2000000:2000000:2000000:2000000:2000000:725000:725000
600145.29,-10000,3927000,270,Discharging,2000000:2000000:2000000:2000000:2000000:2000000:725000:725000
600146.54,-107000,3927000,270,Discharging,2000000:2000000:2000000:2000000:2000000:2000000:725000:725000
600148.84,-124000,3960000,270,Discharging,2000000:2000000:2000000:2000000:2000000:2000000:1300000:1300000
600151.33,-47000,3960000,270,Discharging,2000000:2000000:2000000:2000000:2000000:2000000:725000:725000
600154.47,-10000,3960000,270,Discharging,2000000:2000000:2000000:2000000:2000000:2000000:725000:725000
600157.72,-14000,3960000,270,Discharging,2000000:2000000:2000000:2000000:2000000:2000000:725000:725000
600160.23,-10000,3960000,270,Discharging,2000000:2000000:2000000:2000000:2000000:2000000:725000:725000
600163.59,-42000,3960000,270,Discharging,2000000:2000000:2000000:2000000:2000000:2000000:725000:725000
600166.94,-14000,3960000,270,Discharging,2000000:2000000:2000000:2000000:2000000:2000000:725000:725000
600169.66,-62000,3960000,270,Discharging,2000000:2000000:2000000:2000000:2000000:2000000:725000:725000
600171.69,-35000,3960000,270,Discharging,2000000:2000000:2000000:2000000:2000000:2000000:725000:725000
600174.89,-83000,3960000,270,Discharging,2000000:2000000:2000000:2000000:2000000:2000000:1000000:1000000
600177.40,-57000,3960000,270,Discharging,2000000:2000000:2000000:2000000:2000000:2000000:725000:725000
600180.76,-64000,3960000,270,Discharging,2000000:2000000:2000000:2000000:2000000:2000000:725000:725000
600183.09,-130000,3960000,270,Discharging,2000000:2000000:2000000:2000000:2000000:2000000:725000:725000
600184.57,-117000,3960000,270,Discharging,2000000:2000000:2000000:2000000:2000000:2000000:725000:725000
600186.84,-51000,3960000,270,Discharging,2000000:2000000:2000000:2000000:2000000:2000000:725000:725000
600189.35,-133000,3960000,270,Discharging,2000000:2000000:2000000:2000000:2000000:2000000:725000:725000
600192.42,-68000,3960000,270,Discharging,2000000:2000000:2000000:2000000:2000000:2000000:725000:725000
600194.65,-150000,3960000,270,Discharging,2000000:2000000:2000000:2000000:2000000:2000000:800000:800000
600197.16,-72000,3960000,270,Discharging,2000000:2000000:2000000:2000000:2000000:2000000:725000:725000
600199.29,-139000,3960000,270,Discharging,2000000:2000000:2000000:2000000:2000000:2000000:725000:725000
600201.83,-39000,3960000,270,Discharging,2000000:2000000:2000000:2000000:2000000:2000000:725000:725000
600204.34,-103000,3960000,270,Discharging,2000000:2000000:2000000:2000000:2000000:2000000:725000:725000
600208.10,-10000,3960000,270,Discharging,2000000:2000000:2000000:2000000:2000000:2000000:725000:725000
600211.26,-8000,3960000,270,Discharging,2000000:2000000:2000000:2000000:2000000:2000000:725000:725000
600213.77,-9000,3960000,270,Discharging,2000000:2000000:2000000:2000000:2000000:2000000:725000:725000
600217.30,-49000,3960000,270,Discharging,2000000:2000000:2000000:2000000:2000000:2000000:725000:725000
600220.09,-9000,3960000,270,Discharging,2000000:2000000:2000000:2000000:2000000:2000000:725000:725000
600223.25,-14000,3960000,270,Discharging,2000000:2000000:2000000:2000000:2000000:2000000:725000:725000
600225.12,-89000,3960000,270,Discharging,2000000:2000000:2000000:2000000:2000000:2000000:725000:725000
600228.03,-37000,3960000,270,Discharging,2000000:2000000:2000000:2000000:2000000:2000000:725000:725000
600230.59,-99000,3960000,270,Discharging,2000000:2000000:2000000:2000000:2000000:2000000:900000:900000
600232.90,-46000,3960000,270,Discharging,2000000:2000000:2000000:2000000:2000000:2000000:725000:725000
600235.85,-43000,3960000,270,Discharging,2000000:2000000:2000000:2000000:2000000:2000000:725000:725000
600239.40,-11000,3960000,270,Discharging,2000000:2000000:2000000:2000000:2000000:2000000:725000:725000
600241.92,-53000,3960000,270,Discharging,2000000:2000000:2000000:2000000:2000000:2000000:725000:725000
600245.04,-174000,3960000,270,Discharging,2000000:2000000:2000000:2000000:2000000:2000000:725000:725000
600247.90,-89000,3960000,270,Discharging,2000000:2000000:2000000:2000000:2000000:2000000:725000:725000
600250.82,-85000,3960000,270,Discharging,2000000:2000000:2000000:2000000:2000000:2000000:725000:725000
600254.18,-11000,3960000,270,Discharging,2000000:2000000:2000000:2000000:2000000:2000000:725000:725000
600257.74,-13000,3960000,270,Discharging,2000000:2000000:2000000:2000000:2000000:2000000:725000:725000
600259.41,-176000,3960000,270,Discharging,2000000:2000000:2000000:2000000:2000000:2000000:725000:725000
600262.59,-82000,3960000,270,Discharging,2000000:2000000:2000000:2000000:2000000:2000000:725000:725000
600264.46,-214000,3960000,270,Discharging,2000000:2000000:2000000:2000000:2000000:2000000:725000:725000
600265.49,-196000,3960000,270,Discharging,2000000:2000000:2000000:2000000:2000000:2000000:725000:725000
600268.86,-48000,3960000,270,Discharging,2000000:2000000:2000000:2000000:2000000:2000000:725000:725000
600271.56,-12000,3960000,270,Discharging,2000000:2000000:2000000:2000000:2000000:2000000:725000:725000
600274.23,-9000,3960000,270,Discharging,2000000:2000000:2000000:2000000:2000000:2000000:725000:725000
600276.72,-146000,3960000,270,Discharging,2000000:2000000:2000000:2000000:2000000:2000000:725000:725000
600278.99,-49000,3960000,270,Discharging,2000000:2000000:2000000:2000000:2000000:2000000:725000:725000
600281.59,-11000,3960000,270,Discharging,2000000:2000000:2000000:2000000:2000000:2000000:725000:725000
600284.49,-16000,3960000,270,Discharging,2000000:2000000:2000000:2000000:2000000:2000000:725000:725000
600286.98,-146000,3960000,270,Discharging,2000000:2000000:2000000:2000000:2000000:2000000:725000:725000
600290.32,-12000,3960000,270,Discharging,2000000:2000000:2000000:2000000:2000000:2000000:725000:725000
600292.98,-79000,3960000,270,Discharging,2000000:2000000:2000000:2000000:2000000:2000000:725000:725000
600295.48,-39000,3960000,270,Discharging,2000000:2000000:2000000:2000000:2000000:2000000:725000:725000
600297.46,-137000,3960000,270,Discharging,2000000:2000000:2000000:2000000:2000000:2000000:900000:900000
600300.15,-44000,3960000,270,Discharging,2000000:2000000:2000000:2000000:2000000:2000000:725000:725000
600302.78,-157000,3960000,270,Discharging,2000000:2000000:2000000:2000000:2000000:2000000:725000:725000
600304.72,-13000,3960000,270,Discharging,2000000:2000000:2000000:2000000:2000000:2000000:725000:725000
600307.01,-52000,3960000,270,Discharging,2000000:2000000:2000000:2000000:2000000:2000000:725000:725000
600309.56,-10000,3960000,270,Discharging,2000000:2000000:2000000:2000000:2000000:2000000:725000:725000
600312.41,-13000,3960000,270,Discharging,2000000:2000000:2000000:2000000:2000000:2000000:1600000:1600000
600314.76,-10000,3960000,270,Discharging,2000000:2000000:2000000:2000000:2000000:2000000:725000:725000
600317.69,-9000,3960000,270,Discharging,2000000:2000000:2000000:2000000:2000000:2000000:725000:725000
600320.57,-65000,3960000,270,Discharging,2000000:2000000:2000000:2000000:2000000:2000000:725000:725000
600323.49,-118000,3960000,270,Discharging,2000000:2000000:2000000:2000000:2000000:2000000:725000:725000
600326.54,-13000,3960000,270,Discharging,2000000:2000000:2000000:2000000:2000000:2000000:1700000:1700000
600329.06,-42000,3960000,270,Discharging,2000000:2000000:2000000:2000000:2000000:2000000:725000:725000
600332.28,-28000,3960000,270,Discharging,2000000:2000000:2000000:2000000:2000000:2000000:900000:900000
600334.81,-31000,3960000,270,Discharging,2000000:2000000:2000000:2000000:2000000:2000000:725000:725000
600337.27,-11000,3960000,270,Discharging,2000000:2000000:2000000:2000000:2000000:2000000:725000:725000
600339.12,-194000,3960000,270,Discharging,2000000:2000000:2000000:2000000:2000000:2000000:725000:725000
600340.15,-193000,3960000,270,Discharging,2000000:2000000:2000000:2000000:2000000:2000000:725000:725000
600341.18,-191000,3960000,270,Discharging,2000000:2000000:2000000:2000000:2000000:2000000:725000:725000
600343.74,-100000,3960000,270,Discharging,2000000:2000000:2000000:2000000:2000000:2000000:900000:900000
600345.59,-64000,3960000,270,Discharging,2000000:2000000:2000000:2000000:2000000:2000000:1100000:1100000
600348.10,-43000,3960000,270,Discharging,2000000:2000000:2000000:2000000:2000000:2000000:725000:725000
600350.80,-80000,3960000,270,Discharging,2000000:2000000:2000000:2000000:2000000:2000000:725000:725000
600353.26,-10000,3960000,270,Discharging,2000000:2000000:2000000:2000000:2000000:2000000:725000:725000
600355.75,-212000,3960000,270,Discharging,2000000:2000000:2000000:2000000:2000000:2000000:725000:725000
600358.15,-73000,3960000,270,Discharging,2000000:2000000:2000000:2000000:2000000:2000000:725000:725000
600360.75,-11000,3960000,260,Discharging,2000000:2000000:2000000:2000000:2000000:2000000:725000:725000
600363.00,-200000,3960000,260,Discharging,2000000:2000000:2000000:2000000:2000000:2000000:725000:725000
600366.21,-12000,3960000,270,Discharging,2000000:2000000:2000000:2000000:2000000:2000000:725000:725000
600368.93,-60000,3960000,260,Discharging,2000000:2000000:2000000:2000000:2000000:2000000:725000:725000
600371.43,-12000,3960000,260,Discharging,2000000:2000000:2000000:2000000:2000000:2000000:725000:725000
600373.72,-179000,3960000,260,Discharging,2000000:2000000:2000000:2000000:2000000:2000000:725000:725000
600375.86,-21000,3960000,260,Discharging,2000000:2000000:2000000:2000000:2000000:2000000:725000:725000
600378.38,-86000,3960000,260,Discharging,2000000:2000000:2000000:2000000:2000000:2000000:725000:725000
600381.29,-155000,3960000,260,Discharging,2000000:2000000:2000000:2000000:2000000:2000000:725000:725000
600384.04,-28000,3960000,260,Discharging,2000000:2000000:2000000:2000000:2000000:2000000:725000:725000
600385.91,-219000,3960000,260,Discharging,2000000:2000000:2000000:2000000:2000000:2000000:725000:725000
600388.29,-108000,3960000,260,Discharging,2000000:2000000:2000000:2000000:2000000:2000000:725000:725000
600392.29,-58000,3960000,260,Discharging,2000000:2000000:2000000:2000000:2000000:2000000:800000:800000
600394.96,-14000,3960000,260,Discharging,2000000:2000000:2000000:2000000:2000000:2000000:725000:725000
600397.49,-11000,3960000,260,Discharging,2000000:2000000:2000000:2000000:2000000:2000000:725000:725000
600400.01,-85000,3960000,260,Discharging,2000000:2000000:2000000:2000000:2000000:2000000:725000:725000
600402.63,-45000,3960000,260,Discharging,2000000:2000000:2000000:2000000:2000000:2000000:725000:725000
600405.19,-22000,3960000,260,Discharging,2000000:2000000:2000000:2000000:2000000:2000000:900000:900000
600407.72,-13000,3960000,260,Discharging,2000000:2000000:2000000:2000000:2000000:2000000:725000:725000
600410.45,-15000,3960000,260,Discharging,2000000:2000000:2000000:2000000:2000000:2000000:1500000:1500000
600412.20,-185000,3960000,260,Discharging,2000000:2000000:2000000:2000000:2000000:2000000:725000:725000
600415.29,-20000,3960000,260,Discharging,2000000:2000000:2000000:2000000:2000000:2000000:725000:725000
600418.09,-13000,3960000,260,Discharging,2000000:2000000:2000000:2000000:2000000:2000000:725000:725000
600420.61,-10000,3960000,260,Discharging,2000000:2000000:2000000:2000000:2000000:2000000:725000:725000
600423.42,-126000,3960000,260,Discharging,2000000:2000000:2000000:2000000:2000000:2000000:900000:900000
600426.67,-11000,3960000,260,Discharging,2000000:2000000:2000000:2000000:2000000:2000000:725000:725000
600429.13,-44000,3960000,260,Discharging,2000000:2000000:2000000:2000000:2000000:2000000:725000:725000
600431.21,-121000,3960000,260,Discharging,2000000:2000000:2000000:2000000:2000000:2000000:725000:725000
600433.56,-16000,3960000,260,Discharging,2000000:2000000:2000000:2000000:2000000:2000000:725000:725000
600436.26,-9000,3960000,260,Discharging,2000000:2000000:2000000:2000000:2000000:2000000:725000:725000
600438.72,-37000,3960000,260,Discharging,2000000:2000000:2000000:2000000:2000000:2000000:725000:725000
600441.04,-110000,3960000,260,Discharging,2000000:2000000:2000000:2000000:2000000:2000000:725000:725000
600444.32,-9000,3960000,260,Discharging,2000000:2000000:2000000:2000000:2000000:2000000:725000:725000
600447.99,-10000,3960000,260,Discharging,2000000:2000000:2000000:2000000:2000000:2000000:1000000:1000000
600450.45,-92000,3960000,260,Discharging,2000000:2000000:2000000:2000000:2000000:2000000:800000:800000
600452.00,-52000,3960000,260,Discharging,2000000:2000000:2000000:2000000:2000000:2000000:725000:725000
600455.62,-84000,3960000,260,Discharging,2000000:2000000:2000000:2000000:2000000:2000000:725000:725000
600458.52,-63000,3960000,260,Discharging,2000000:2000000:2000000:2000000:2000000:2000000:725000:725000
600460.98,-12000,3960000,260,Discharging,2000000:2000000:2000000:2000000:2000000:2000000:725000:725000
600462.82,-106000,3950000,260,Discharging,2000000:2000000:2000000:2000000:2000000:2000000:725000:725000
600466.22,-104000,3950000,260,Discharging,2000000:2000000:2000000:2000000:2000000:2000000:900000:900000
600468.88,-10000,3950000,260,Discharging,2000000:2000000:2000000:2000000:2000000:2000000:1300000:1300000
600470.55,-199000,3970000,260,Discharging,2000000:2000000:2000000:2000000:2000000:2000000:725000:725000
600473.06,-225000,3970000,260,Discharging,2000000:2000000:2000000:2000000:2000000:2000000:725000:725000
600476.07,-46000,3970000,260,Discharging,2000000:2000000:2000000:2000000:2000000:2000000:725000:725000
600478.84,-35000,3970000,260,Discharging,2000000:2000000:2000000:2000000:2000000:2000000:725000:725000
600480.51,-100000,3970000,260,Discharging,2000000:2000000:2000000:2000000:2000000:2000000:1300000:1300000
600482.82,-10000,3970000,260,Discharging,2000000:2000000:2000000:2000000:2000000:2000000:725000:725000
600486.19,-9000,3970000,260,Discharging,2000000:2000000:2000000:2000000:2000000:2000000:1600000:1600000
600487.94,-123000,3970000,260,Discharging,2000000:2000000:2000000:2000000:2000000:2000000:725000:725000
600490.36,-10000,3970000,260,Discharging,2000000:2000000:2000000:2000000:2000000:2000000:725000:725000
600492.84,-13000,3970000,260,Discharging,2000000:2000000:2000000:2000000:2000000:2000000:725000:725000
600494.30,-173000,3970000,260,Discharging,2000000:2000000:2000000:2000000:2000000:2000000:725000:725000
600497.78,-11000,3970000,260,Discharging,2000000:2000000:2000000:2000000:2000000:2000000:725000:725000
600500.25,-49000,3970000,260,Discharging,2000000:2000000:2000000:2000000:2000000:2000000:725000:725000
600502.97,-12000,3970000,260,Discharging,2000000:2000000:2000000:2000000:2000000:2000000:725000:725000
600506.31,-71000,3970000,260,Discharging,2000000:2000000:2000000:2000000:2000000:2000000:725000:725000
600508.88,-17000,3970000,260,Discharging,2000000:2000000:2000000:2000000:2000000:2000000:725000:725000
600511.69,-12000,3970000,260,Discharging,2000000:2000000:2000000:2000000:2000000:2000000:1400000:1400000
600512.73,-189000,3970000,260,Discharging,2000000:2000000:2000000:2000000:2000000:2000000:900000:900000
600516.29,-12000,3970000,260,Discharging,2000000:2000000:2000000:2000000:2000000:2000000:725000:725000
600518.04,-70000,3970000,260,Discharging,2000000:2000000:2000000:2000000:2000000:2000000:725000:725000
600520.48,-103000,3970000,260,Discharging,2000000:2000000:2000000:2000000:2000000:2000000:725000:725000
600523.00,-96000,3970000,260,Discharging,2000000:2000000:2000000:2000000:2000000:2000000:725000:725000
600524.09,-178000,3970000,260,Discharging,2000000:2000000:2000000:2000000:2000000:2000000:725000:725000
600525.39,-181000,3970000,260,Discharging,2000000:2000000:2000000:2000000:2000000:2000000:725000:725000
600528.19,-88000,3970000,260,Discharging,2000000:2000000:2000000:2000000:2000000:2000000:800000:800000
600531.56,-10000,3970000,260,Discharging,2000000:2000000:2000000:2000000:2000000:2000000:725000:725000
600534.28,-32000,3970000,260,Discharging,2000000:2000000:2000000:2000000:2000000:2000000:725000:725000
600536.97,-18000,3970000,260,Discharging,2000000:2000000:2000000:2000000:2000000:2000000:725000:725000
600540.37,-10000,3970000,260,Discharging,2000000:2000000:2000000:2000000:2000000:2000000:725000:725000
600542.24,-215000,3970000,260,Discharging,2000000:2000000:2000000:2000000:2000000:2000000:725000:725000
600545.76,-10000,3970000,260,Discharging,2000000:2000000:2000000:2000000:2000000:2000000:725000:725000
600548.18,-88000,3970000,260,Discharging,2000000:2000000:2000000:2000000:2000000:2000000:725000:725000
600551.29,-62000,3970000,260,Discharging,2000000:2000000:2000000:2000000:2000000:2000000:725000:725000
600553.81,-60000,3970000,260,Discharging,2000000:2000000:2000000:2000000:2000000:2000000:725000:725000
600556.09,-92000,3970000,260,Discharging,2000000:2000000:2000000:2000000:2000000:2000000:725000:725000
600558.81,-10000,3970000,260,Discharging,2000000:2000000:2000000:2000000:2000000:2000000:725000:725000
600561.27,-63000,3970000,260,Discharging,2000000:2000000:2000000:2000000:2000000:2000000:725000:725000
600564.32,-10000,3970000,260,Discharging,2000000:2000000:2000000:2000000:2000000:2000000:725000:725000
600566.83,-20000,3970000,260,Discharging,2000000:2000000:2000000:2000000:2000000:2000000:725000:725000
600569.23,-19000,3970000,260,Discharging,2000000:2000000:2000000:2000000:2000000:2000000:800000:800000
600571.94,-27000,3970000,260,Discharging,2000000:2000000:2000000:2000000:2000000:2000000:725000:725000
600573.79,-14000,3970000,260,Discharging,2000000:2000000:2000000:2000000:2000000:2000000:725000:725000
600576.51,-110000,3970000,260,Discharging,2000000:2000000:2000000:2000000:2000000:2000000:725000:725000
600579.88,-154000,3970000,260,Discharging,2000000:2000000:2000000:2000000:2000000:2000000:725000:725000
600582.55,-18000,3970000,260,Discharging,2000000:2000000:2000000:2000000:2000000:2000000:725000:725000
600585.08,-11000,3970000,260,Discharging,2000000:2000000:2000000:2000000:2000000:2000000:725000:725000
600586.73,-225000,3970000,260,Discharging,2000000:2000000:2000000:2000000:2000000:2000000:725000:725000
600589.92,-158000,3970000,260,Discharging,2000000:2000000:2000000:2000000:2000000:2000000:725000:725000
600592.45,-10000,3970000,260,Discharging,2000000:2000000:2000000:2000000:2000000:2000000:725000:725000
600594.74,-9000,3970000,260,Discharging,2000000:2000000:2000000:2000000:2000000:2000000:725000:725000
600597.27,-163000,3970000,260,Discharging,2000000:2000000:2000000:2000000:2000000:2000000:725000:725000
600598.45,-203000,3970000,260,Discharging,2000000:2000000:2000000:2000000:2000000:2000000:725000:725000
600601.08,-16000,3970000,260,Discharging,2000000:2000000:2000000:2000000:2000000:2000000:725000:725000
600603.55,-57000,3970000,260,Discharging,2000000:2000000:2000000:2000000:2000000:2000000:1300000:1300000
600605.86,-135000,3970000,260,Discharging,2000000:2000000:2000000:2000000:2000000:2000000:725000:725000
600609.40,-13000,3970000,260,Discharging,2000000:2000000:2000000:2000000:2000000:2000000:725000:725000
600612.07,-23000,3970000,260,Discharging,2000000:2000000:2000000:2000000:2000000:2000000:725000:725000
600613.75,-13000,3970000,260,Discharging,2000000:2000000:2000000:2000000:2000000:2000000:725000:725000
600617.00,-92000,3970000,260,Discharging,2000000:2000000:2000000:2000000:2000000:2000000:725000:725000
600619.72,-14000,3970000,260,Discharging,2000000:2000000:2000000:2000000:2000000:2000000:725000:725000
600622.28,-68000,3970000,260,Discharging,2000000:2000000:2000000:2000000:2000000:2000000:900000:900000
600624.85,-63000,3970000,260,Discharging,2000000:2000000:2000000:2000000:2000000:2000000:725000:725000
600627.21,-8000,3970000,260,Discharging,2000000:2000000:2000000:2000000:2000000:2000000:725000:725000
600630.01,-13000,3970000,260,Discharging,2000000:2000000:2000000:2000000:2000000:2000000:725000:725000
600633.10,-10000,3970000,260,Discharging,2000000:2000000:2000000:2000000:2000000:2000000:725000:725000
600634.77,-210000,3970000,260,Discharging,2000000:2000000:2000000:2000000:2000000:2000000:725000:725000
600636.64,-10000,3970000,260,Discharging,2000000:2000000:2000000:2000000:2000000:2000000:725000:725000
600639.12,-114000,3970000,260,Discharging,2000000:2000000:2000000:2000000:2000000:2000000:725000:725000
600642.21,-57000,3970000,260,Discharging,2000000:2000000:2000000:2000000:2000000:2000000:725000:725000
600644.91,-9000,3970000,260,Discharging,2000000:2000000:2000000:2000000:2000000:2000000:725000:725000
600647.33,-14000,3970000,260,Discharging,2000000:2000000:2000000:2000000:2000000:2000000:725000:725000
600649.87,-96000,3970000,260,Discharging,2000000:2000000:2000000:2000000:2000000:2000000:725000:725000
600653.75,-13000,3970000,260,Discharging,2000000:2000000:2000000:2000000:2000000:2000000:725000:725000
600656.21,-9000,3970000,260,Discharging,2000000:2000000:2000000:2000000:2000000:2000000:725000:725000
600658.72,-42000,3970000,260,Discharging,2000000:2000000:2000000:2000000:2000000:2000000:725000:725000
600662.11,-102000,3970000,260,Discharging,2000000:2000000:2000000:2000000:2000000:2000000:725000:725000
600665.19,-10000,3970000,260,Discharging,2000000:2000000:2000000:2000000:2000000:2000000:900000:900000
600667.65,-60000,3970000,260,Discharging,2000000:2000000:2000000:2000000:2000000:2000000:725000:725000
600670.57,-11000,3970000,260,Discharging,2000000:2000000:2000000:2000000:2000000:2000000:725000:725000
600673.21,-28000,3970000,260,Discharging,2000000:2000000:2000000:2000000:2000000:2000000:725000:725000
600675.08,-210000,3970000,260,Discharging,2000000:2000000:2000000:2000000:2000000:2000000:725000:725000
600678.39,-75000,3970000,260,Discharging,2000000:2000000:2000000:2000000:2000000:2000000:1100000:1100000
600679.88,-196000,3970000,260,Discharging,2000000:2000000:2000000:2000000:2000000:2000000:725000:725000
600681.35,-146000,3970000,260,Discharging,2000000:2000000:2000000:2000000:2000000:2000000:725000:725000
600685.15,-14000,3970000,260,Discharging,2000000:2000000:2000000:2000000:2000000:2000000:725000:725000
600687.62,-10000,3970000,260,Discharging,2000000:2000000:2000000:2000000:2000000:2000000:725000:725000
600690.14,-14000,3970000,260,Discharging,2000000:2000000:2000000:2000000:2000000:2000000:725000:725000
600691.53,-132000,3970000,260,Discharging,2000000:2000000:2000000:2000000:2000000:2000000:725000:725000
600694.21,-10000,3970000,260,Discharging,2000000:2000000:2000000:2000000:2000000:2000000:725000:725000
600695.39,-247000,3970000,260,Discharging,2000000:2000000:2000000:2000000:2000000:2000000:725000:725000
600696.66,-188000,3970000,260,Discharging,2000000:2000000:2000000:2000000:2000000:2000000:725000:725000
600699.40,-67000,3970000,260,Discharging,2000000:2000000:2000000:2000000:2000000:2000000:725000:725000
600702.03,-58000,3970000,260,Discharging,2000000:2000000:2000000:2000000:2000000:2000000:725000:725000
600705.64,-10000,3970000,260,Discharging,2000000:2000000:2000000:2000000:2000000:2000000:800000:800000
600708.25,-9000,3970000,260,Discharging,2000000:2000000:2000000:2000000:2000000:2000000:725000:725000
600710.86,-13000,3970000,260,Discharging,2000000:2000000:2000000:2000000:2000000:2000000:800000:800000
600713.73,-8000,3970000,260,Discharging,2000000:2000000:2000000:2000000:2000000:2000000:1000000:1000000
600716.22,-9000,3970000,260,Discharging,2000000:2000000:2000000:2000000:2000000:2000000:725000:725000
600718.73,-89000,3970000,260,Discharging,2000000:2000000:2000000:2000000:2000000:2000000:725000:725000
600721.14,-10000,3970000,260,Discharging,2000000:2000000:2000000:2000000:2000000:2000000:725000:725000
600723.62,-135000,3970000,260,Discharging,2000000:2000000:2000000:2000000:2000000:2000000:725000:725000
600726.15,-60000,3970000,260,Discharging,2000000:2000000:2000000:2000000:2000000:2000000:725000:725000
600729.77,-8000,3970000,260,Discharging,2000000:2000000:2000000:2000000:2000000:2000000:725000:725000
600731.26,-128000,3970000,260,Discharging,2000000:2000000:2000000:2000000:2000000:2000000:725000:725000
600733.11,-146000,3970000,260,Discharging,2000000:2000000:2000000:2000000:2000000:2000000:725000:725000
600734.14,-196000,3970000,260,Discharging,2000000:2000000:2000000:2000000:2000000:2000000:725000:725000
600735.18,-181000,3970000,260,Discharging,2000000:2000000:2000000:2000000:2000000:2000000:725000:725000
600737.47,-21000,3970000,260,Discharging,2000000:2000000:2000000:2000000:2000000:2000000:725000:725000
600741.27,-14000,3970000,260,Discharging,2000000:2000000:2000000:2000000:2000000:2000000:1000000:1000000
600742.92,-82000,3970000,260,Discharging,2000000:2000000:2000000:2000000:2000000:2000000:725000:725000
600745.16,-8000,3970000,260,Discharging,2000000:2000000:2000000:2000000:2000000:2000000:725000:725000
600748.44,-124000,3970000,260,Discharging,2000000:2000000:2000000:2000000:2000000:2000000:900000:900000
600751.14,-16000,3970000,260,Discharging,2000000:2000000:2000000:2000000:2000000:2000000:725000:725000
600753.02,-228000,3970000,260,Discharging,2000000:2000000:2000000:2000000:2000000:2000000:725000:725000
600755.61,-39000,3970000,260,Discharging,2000000:2000000:2000000:2000000:2000000:2000000:1500000:1500000
600758.28,-89000,3970000,260,Discharging,2000000:2000000:2000000:2000000:2000000:2000000:725000:725000
600761.34,-82000,3970000,260,Discharging,2000000:2000000:2000000:2000000:2000000:2000000:900000:900000
600764.21,-9000,3970000,260,Discharging,2000000:2000000:2000000:2000000:2000000:2000000:725000:725000
600766.93,-13000,3970000,260,Discharging,2000000:2000000:2000000:2000000:2000000:2000000:725000:725000
600770.15,-67000,3970000,260,Discharging,2000000:2000000:2000000:2000000:2000000:2000000:1100000:1100000
600771.97,-115000,3970000,260,Discharging,2000000:2000000:2000000:2000000:2000000:2000000:725000:725000
600774.56,-253000,3970000,260,Discharging,2000000:2000000:2000000:2000000:2000000:2000000:725000:725000
600777.08,-9000,3970000,260,Discharging,2000000:2000000:2000000:2000000:2000000:2000000:725000:725000
600780.06,-128000,3970000,260,Discharging,2000000:2000000:2000000:2000000:2000000:2000000:725000:725000
600782.86,-13000,3970000,260,Discharging,2000000:2000000:2000000:2000000:2000000:2000000:725000:725000
600786.53,-16000,3970000,260,Discharging,2000000:2000000:2000000:2000000:2000000:2000000:725000:725000
600788.81,-58000,3970000,260,Discharging,2000000:2000000:2000000:2000000:2000000:2000000:725000:725000
600791.48,-67000,3970000,260,Discharging,2000000:2000000:2000000:2000000:2000000:2000000:725000:725000
600794.21,-13000,3970000,260,Discharging,2000000:2000000:2000000:2000000:2000000:2000000:725000:725000
600797.20,-203000,3970000,260,Discharging,2000000:2000000:2000000:2000000:2000000:2000000:725000:725000
600800.70,-10000,3970000,260,Discharging,2000000:2000000:2000000:2000000:2000000:2000000:725000:725000
600803.33,-74000,3970000,260,Discharging,2000000:2000000:2000000:2000000:2000000:2000000:725000:725000
600804.59,-124000,3970000,260,Discharging,2000000:2000000:2000000:2000000:2000000:2000000:725000:725000
600807.42,-28000,3970000,260,Discharging,2000000:2000000:2000000:2000000:2000000:2000000:900000:900000
600809.94,-55000,3970000,260,Discharging,2000000:2000000:2000000:2000000:2000000:2000000:725000:725000
600812.64,-53000,3970000,260,Discharging,2000000:2000000:2000000:2000000:2000000:2000000:725000:725000
600815.51,-7000,3970000,260,Discharging,2000000:2000000:2000000:2000000:2000000:2000000:725000:725000
600817.46,-216000,3970000,260,Discharging,2000000:2000000:2000000:2000000:2000000:2000000:725000:725000
600820.03,-96000,3970000,260,Discharging,2000000:2000000:2000000:2000000:2000000:2000000:725000:725000
600821.18,-119000,3957000,260,Discharging,2000000:2000000:2000000:2000000:2000000:2000000:725000:725000
600823.87,-10000,3957000,260,Discharging,2000000:2000000:2000000:2000000:2000000:2000000:725000:725000
600826.39,-13000,3957000,260,Discharging,2000000:2000000:2000000:2000000:2000000:2000000:725000:725000
600830.20,-115000,3957000,260,Discharging,2000000:2000000:2000000:2000000:2000000:2000000:725000:725000
600832.90,-11000,3957000,260,Discharging,2000000:2000000:2000000:2000000:2000000:2000000:725000:725000
600835.27,-54000,3957000,260,Discharging,2000000:2000000:2000000:2000000:2000000:2000000:1400000:1400000
600837.79,-106000,3957000,260,Discharging,2000000:2000000:2000000:2000000:2000000:2000000:725000:725000
600841.21,-8000,3957000,260,Discharging,2000000:2000000:2000000:2000000:2000000:2000000:900000:900000
600843.10,-67000,3957000,260,Discharging,2000000:2000000:2000000:2000000:2000000:2000000:725000:725000
600846.62,-13000,3957000,260,Discharging,2000000:2000000:2000000:2000000:2000000:2000000:725000:725000
600849.24,-70000,3957000,250,Discharging,2000000:2000000:2000000:2000000:2000000:2000000:725000:725000
600851.84,-102000,3957000,260,Discharging,2000000:2000000:2000000:2000000:2000000:2000000:725000:725000
600855.04,-70000,3957000,260,Discharging,2000000:2000000:2000000:2000000:2000000:2000000:900000:900000
600856.89,-14000,3957000,260,Discharging,2000000:2000000:2000000:2000000:2000000:2000000:900000:900000
600858.19,-105000,3957000,260,Discharging,2000000:2000000:2000000:2000000:2000000:2000000:725000:725000
600861.08,-33000,3957000,260,Discharging,2000000:2000000:2000000:2000000:2000000:2000000:725000:725000
600863.74,-74000,3957000,260,Discharging,2000000:2000000:2000000:2000000:2000000:2000000:725000:725000
600866.31,-167000,3957000,260,Discharging,2000000:2000000:2000000:2000000:2000000:2000000:725000:725000
600868.42,-10000,3957000,260,Discharging,2000000:2000000:2000000:2000000:2000000:2000000:725000:725000
600871.09,-138000,3957000,250,Discharging,2000000:2000000:2000000:2000000:2000000:2000000:725000:725000
600873.76,-15000,3957000,260,Discharging,2000000:2000000:2000000:2000000:2000000:2000000:725000:725000
600876.28,-171000,3957000,250,Discharging,2000000:2000000:2000000:2000000:2000000:2000000:725000:725000
600878.86,-160000,3957000,260,Discharging,2000000:2000000:2000000:2000000:2000000:2000000:725000:725000
600881.64,-117000,3957000,250,Discharging,2000000:2000000:2000000:2000000:2000000:2000000:725000:725000
600884.51,-13000,3957000,260,Discharging,2000000:2000000:2000000:2000000:2000000:2000000:725000:725000
600888.32,-39000,3957000,250,Discharging,2000000:2000000:2000000:2000000:2000000:2000000:800000:800000
600890.84,-47000,3957000,250,Discharging,2000000:2000000:2000000:2000000:2000000:2000000:725000:725000
600893.50,-11000,3957000,260,Discharging,2000000:2000000:2000000:2000000:2000000:2000000:725000:725000
600895.70,-59000,3957000,260,Discharging,2000000:2000000:2000000:2000000:2000000:2000000:725000:725000
600897.95,-156000,3957000,260,Discharging,2000000:2000000:2000000:2000000:2000000:2000000:1000000:1000000
600900.87,-11000,3957000,250,Discharging,2000000:2000000:2000000:2000000:2000000:2000000:725000:725000
600903.74,-98000,3957000,250,Discharging,2000000:2000000:2000000:2000000:2000000:2000000:725000:725000
600906.23,-29000,3957000,250,Discharging,2000000:2000000:2000000:2000000:2000000:2000000:725000:725000
600908.91,-176000,3957000,250,Discharging,2000000:2000000:2000000:2000000:2000000:2000000:725000:725000
600912.12,-64000,3957000,260,Discharging,2000000:2000000:2000000:2000000:2000000:2000000:725000:725000
600915.06,-69000,3957000,250,Discharging,2000000:2000000:2000000:2000000:2000000:2000000:725000:725000
600917.52,-7000,3957000,250,Discharging,2000000:2000000:2000000:2000000:2000000:2000000:725000:725000
600920.04,-194000,3957000,250,Discharging,2000000:2000000:2000000:2000000:2000000:2000000:725000:725000
600923.79,-19000,3957000,250,Discharging,2000000:2000000:2000000:2000000:2000000:2000000:725000:725000
600926.39,-8000,3957000,250,Discharging,2000000:2000000:2000000:2000000:2000000:2000000:725000:725000
600928.72,-14000,3957000,250,Discharging,2000000:2000000:2000000:2000000:2000000:2000000:725000:725000
600930.77,-204000,3957000,250,Discharging,2000000:2000000:2000000:2000000:2000000:2000000:725000:725000
600934.13,-162000,3957000,250,Discharging,2000000:2000000:2000000:2000000:2000000:2000000:725000:725000
600935.52,-176000,3957000,250,Discharging,2000000:2000000:2000000:2000000:2000000:2000000:1300000:1300000
600938.08,-83000,3957000,250,Discharging,2000000:2000000:2000000:2000000:2000000:2000000:725000:725000
600940.16,-192000,3957000,250,Discharging,2000000:2000000:2000000:2000000:2000000:2000000:725000:725000
600943.70,-71000,3957000,250,Discharging,2000000:2000000:2000000:2000000:2000000:2000000:725000:725000
600945.17,-82000,3957000,250,Discharging,2000000:2000000:2000000:2000000:2000000:2000000:725000:725000
600947.92,-54000,3957000,250,Discharging,2000000:2000000:2000000:2000000:2000000:2000000:725000:725000
600950.41,-55000,3957000,250,Discharging,2000000:2000000:2000000:2000000:2000000:2000000:725000:725000
600954.16,-50000,3957000,250,Discharging,2000000:2000000:2000000:2000000:2000000:2000000:725000:725000
600956.39,-127000,3957000,250,Discharging,2000000:2000000:2000000:2000000:2000000:2000000:725000:725000
600957.96,-67000,3967000,250,Discharging,2000000:2000000:2000000:2000000:2000000:2000000:725000:725000
600960.76,-8000,3967000,250,Discharging,2000000:2000000:2000000:2000000:2000000:2000000:725000:725000
600963.35,-9000,3967000,250,Discharging,2000000:2000000:2000000:2000000:2000000:2000000:725000:725000
600966.05,-67000,3967000,250,Discharging,2000000:2000000:2000000:2000000:2000000:2000000:725000:1100000
600969.76,-7000,3967000,250,Discharging,2000000:2000000:2000000:2000000:2000000:2000000:725000:725000
600972.27,-9000,3967000,250,Discharging,2000000:2000000:2000000:2000000:2000000:2000000:725000:725000
600974.71,-77000,3967000,250,Discharging,2000000:2000000:2000000:2000000:2000000:2000000:725000:725000
600977.19,-115000,3967000,250,Discharging,2000000:2000000:2000000:2000000:2000000:2000000:725000:725000
600979.68,-109000,3967000,250,Discharging,2000000:2000000:2000000:2000000:2000000:2000000:725000:725000
600980.74,-186000,3967000,250,Discharging,2000000:2000000:2000000:2000000:2000000:2000000:725000:725000
600981.77,-188000,3967000,250,Discharging,2000000:2000000:2000000:2000000:2000000:2000000:800000:800000
600984.59,-12000,3967000,250,Discharging,2000000:2000000:2000000:2000000:2000000:2000000:725000:725000
600987.09,-7000,3967000,250,Discharging,2000000:2000000:2000000:2000000:2000000:2000000:725000:725000
600989.81,-27000,3967000,250,Discharging,2000000:2000000:2000000:2000000:2000000:2000000:725000:725000
600992.25,-67000,3967000,250,Discharging,2000000:2000000:2000000:2000000:2000000:2000000:725000:725000
600995.75,-8000,3967000,250,Discharging,2000000:2000000:2000000:2000000:2000000:2000000:800000:800000
600997.52,-235000,3967000,250,Discharging,2000000:2000000:2000000:2000000:2000000:2000000:725000:725000
600998.67,-162000,3967000,250,Discharging,2000000:2000000:2000000:2000000:2000000:2000000:725000:725000
601000.95,-9000,3967000,250,Discharging,2000000:2000000:2000000:2000000:2000000:2000000:725000:725000
601003.48,-32000,3967000,250,Discharging,2000000:2000000:2000000:2000000:2000000:2000000:725000:725000
601005.15,-124000,3967000,250,Discharging,2000000:2000000:2000000:2000000:2000000:2000000:725000:725000
601007.94,-203000,3967000,250,Discharging,2000000:2000000:2000000:2000000:2000000:2000000:725000:725000
601011.29,-41000,3967000,250,Discharging,2000000:2000000:2000000:2000000:2000000:2000000:725000:725000
601013.92,-9000,3967000,250,Discharging,2000000:2000000:2000000:2000000:2000000:2000000:725000:725000
601016.42,-14000,3967000,250,Discharging,2000000:2000000:2000000:2000000:2000000:2000000:725000:725000
601019.14,-8000,3967000,250,Discharging,2000000:2000000:2000000:2000000:2000000:2000000:725000:725000
601021.62,-49000,3967000,250,Discharging,2000000:2000000:2000000:2000000:2000000:2000000:725000:725000
601024.72,-39000,3967000,250,Discharging,2000000:2000000:2000000:2000000:2000000:2000000:800000:800000
601027.00,-181000,3967000,250,Discharging,2000000:2000000:2000000:2000000:2000000:2000000:725000:725000
601030.36,-41000,3967000,250,Discharging,2000000:2000000:2000000:2000000:2000000:2000000:725000:725000
601033.15,-10000,3967000,250,Discharging,2000000:2000000:2000000:2000000:2000000:2000000:725000:725000
601035.62,-17000,3967000,250,Discharging,2000000:2000000:2000000:2000000:2000000:2000000:725000:725000
601038.13,-189000,3967000,250,Discharging,2000000:2000000:2000000:2000000:2000000:2000000:725000:725000
601041.38,-14000,3967000,250,Discharging,2000000:2000000:2000000:2000000:2000000:2000000:725000:725000
601044.11,-60000,3967000,250,Discharging,2000000:2000000:2000000:2000000:2000000:2000000:725000:725000
601046.55,-10000,3967000,250,Discharging,2000000:2000000:2000000:2000000:2000000:2000000:725000:725000
601049.02,-10000,3967000,250,Discharging,2000000:2000000:2000000:2000000:2000000:2000000:725000:725000
601052.60,-27000,3967000,250,Discharging,2000000:2000000:2000000:2000000:2000000:2000000:725000:725000
601055.67,-11000,3967000,250,Discharging,2000000:2000000:2000000:2000000:2000000:2000000:1400000:1400000
601058.13,-83000,3967000,250,Discharging,2000000:2000000:2000000:2000000:2000000:2000000:725000:725000
601060.65,-112000,3967000,250,Discharging,2000000:2000000:2000000:2000000:2000000:2000000:725000:725000
601063.25,-13000,3967000,250,Discharging,2000000:2000000:2000000:2000000:2000000:2000000:725000:725000
601065.61,-84000,3967000,250,Discharging,2000000:2000000:2000000:2000000:2000000:2000000:725000:725000
601068.34,-54000,3967000,250,Discharging,2000000:2000000:2000000:2000000:2000000:2000000:725000:725000
601070.43,-120000,3967000,250,Discharging,2000000:2000000:2000000:2000000:2000000:2000000:725000:725000
601073.09,-46000,3967000,250,Discharging,2000000:2000000:2000000:2000000:2000000:2000000:725000:725000
601075.56,-9000,3967000,250,Discharging,2000000:2000000:2000000:2000000:2000000:2000000:725000:725000
601078.07,-161000,3967000,250,Discharging,2000000:2000000:2000000:2000000:2000000:2000000:725000:725000
601081.38,-73000,3967000,250,Discharging,2000000:2000000:2000000:2000000:2000000:2000000:725000:725000
601083.32,-61000,3967000,250,Discharging,2000000:2000000:2000000:2000000:2000000:2000000:725000:725000
601085.18,-55000,3967000,250,Discharging,2000000:2000000:2000000:2000000:2000000:2000000:725000:725000
601087.70,-155000,3967000,250,Discharging,2000000:2000000:2000000:2000000:2000000:2000000:725000:725000
601091.34,-10000,3967000,250,Discharging,2000000:2000000:2000000:2000000:2000000:2000000:725000:725000
601094.28,-49000,3967000,250,Discharging,2000000:2000000:2000000:2000000:2000000:2000000:725000:725000
601096.54,-66000,3967000,250,Discharging,2000000:2000000:2000000:2000000:2000000:2000000:725000:725000
601099.05,-139000,3967000,250,Discharging,2000000:2000000:2000000:2000000:2000000:2000000:725000:725000
601102.56,-13000,3967000,250,Discharging,2000000:2000000:2000000:2000000:2000000:2000000:725000:725000
601105.43,-15000,3967000,250,Discharging,2000000:2000000:2000000:2000000:2000000:2000000:725000:725000
601108.00,-24000,3967000,250,Discharging,2000000:2000000:2000000:2000000:2000000:2000000:725000:725000
601110.51,-27000,3967000,250,Discharging,2000000:2000000:2000000:2000000:2000000:2000000:725000:725000
601113.11,-70000,3967000,250,Discharging,2000000:2000000:2000000:2000000:2000000:2000000:725000:725000
601115.02,-39000,3967000,250,Discharging,2000000:2000000:2000000:2000000:2000000:2000000:725000:725000
601116.93,-16000,3967000,250,Discharging,2000000:2000000:2000000:2000000:2000000:2000000:725000:725000
601120.17,-57000,3967000,250,Discharging,2000000:2000000:2000000:2000000:2000000:2000000:725000:725000
601122.05,-193000,3967000,250,Discharging,2000000:2000000:2000000:2000000:2000000:2000000:725000:725000
601124.61,-10000,3967000,250,Discharging,2000000:2000000:2000000:2000000:2000000:2000000:725000:725000
601127.02,-28000,3967000,250,Discharging,2000000:2000000:2000000:2000000:2000000:2000000:725000:725000
601129.55,-36000,3967000,250,Discharging,2000000:2000000:2000000:2000000:2000000:2000000:725000:725000
601131.93,-21000,3967000,250,Discharging,2000000:2000000:2000000:2000000:2000000:2000000:1000000:1000000
601133.58,-9000,3967000,250,Discharging,2000000:2000000:2000000:2000000:2000000:2000000:725000:725000
601136.24,-10000,3967000,250,Discharging,500000:500000:500000:500000:500000:500000:1100000:1100000
601138.59,-10000,3967000,250,Discharging,500000:500000:500000:500000:500000:500000:725000:725000
601140.42,-59000,3967000,250,Discharging,2000000:2000000:2000000:2000000:2000000:2000000:725000:725000
601143.07,-8000,3967000,250,Discharging,2000000:2000000:2000000:2000000:2000000:2000000:725000:725000
601146.22,-106000,3967000,250,Discharging,2000000:2000000:2000000:2000000:2000000:2000000:725000:725000
601148.74,-66000,3967000,250,Discharging,2000000:2000000:2000000:2000000:2000000:2000000:725000:725000
601152.14,-14000,3967000,250,Discharging,2000000:2000000:2000000:2000000:2000000:2000000:725000:725000
601154.57,-8000,3967000,250,Discharging,2000000:2000000:2000000:2000000:2000000:2000000:725000:725000
601158.30,-10000,3967000,250,Discharging,2000000:2000000:2000000:2000000:2000000:2000000:725000:725000
601160.73,-9000,3967000,250,Discharging,2000000:2000000:2000000:2000000:2000000:2000000:725000:725000
601163.25,-82000,3967000,250,Discharging,2000000:2000000:2000000:2000000:2000000:2000000:725000:725000
601166.81,-12000,3967000,250,Discharging,2000000:2000000:2000000:2000000:2000000:2000000:725000:725000
601169.65,-8000,3967000,250,Discharging,2000000:2000000:2000000:2000000:2000000:2000000:1400000:1400000
601172.77,-11000,3967000,250,Discharging,2000000:2000000:2000000:2000000:2000000:2000000:725000:725000
601175.76,-135000,3967000,250,Discharging,2000000:2000000:2000000:2000000:2000000:2000000:725000:725000
601177.05,-117000,3967000,250,Discharging,2000000:2000000:2000000:2000000:2000000:2000000:725000:725000
601179.79,-85000,3967000,250,Discharging,2000000:2000000:2000000:2000000:2000000:2000000:725000:725000
601183.15,-11000,3967000,250,Discharging,2000000:2000000:2000000:2000000:2000000:2000000:725000:725000
601185.67,-87000,3967000,250,Discharging,2000000:2000000:2000000:2000000:2000000:2000000:725000:725000
601188.35,-10000,3967000,250,Discharging,2000000:2000000:2000000:2000000:2000000:2000000:725000:725000
601191.53,-12000,3967000,250,Discharging,2000000:2000000:2000000:2000000:2000000:2000000:725000:725000
601193.06,-78000,3967000,250,Discharging,2000000:2000000:2000000:2000000:2000000:2000000:725000:725000
601195.39,-14000,3967000,250,Discharging,2000000:2000000:2000000:2000000:2000000:2000000:725000:725000
601198.00,-8000,3967000,250,Discharging,2000000:2000000:2000000:2000000:2000000:2000000:725000:725000
601200.73,-75000,3967000,250,Discharging,2000000:2000000:2000000:2000000:2000000:2000000:725000:725000
601204.33,-10000,3967000,250,Discharging,2000000:2000000:2000000:2000000:2000000:2000000:1400000:1400000
601206.84,-12000,3967000,250,Discharging,2000000:2000000:2000000:2000000:2000000:2000000:725000:725000
601207.90,-160000,3967000,250,Discharging,2000000:2000000:2000000:2000000:2000000:2000000:725000:725000
601211.05,-59000,3967000,250,Discharging,2000000:2000000:2000000:2000000:2000000:2000000:725000:725000
601214.00,-46000,3967000,250,Discharging,2000000:2000000:2000000:2000000:2000000:2000000:725000:725000
601216.94,-69000,3967000,250,Discharging,2000000:2000000:2000000:2000000:2000000:2000000:725000:725000
601220.34,-9000,3967000,250,Discharging,2000000:2000000:2000000:2000000:2000000:2000000:725000:725000
601223.49,-62000,3967000,250,Discharging,2000000:2000000:2000000:2000000:2000000:2000000:725000:725000
601226.76,-67000,3967000,250,Discharging,2000000:2000000:2000000:2000000:2000000:2000000:725000:725000
601229.28,-39000,3967000,250,Discharging,2000000:2000000:2000000:2000000:2000000:2000000:725000:725000
601231.41,-44000,3967000,250,Discharging,2000000:2000000:2000000:2000000:2000000:2000000:725000:725000
601234.97,-9000,3967000,250,Discharging,2000000:2000000:2000000:2000000:2000000:2000000:725000:725000
601237.28,-70000,3967000,250,Discharging,2000000:2000000:2000000:2000000:2000000:2000000:725000:725000
601238.93,-11000,3967000,250,Discharging,2000000:2000000:2000000:2000000:2000000:2000000:725000:725000
601241.46,-37000,3967000,250,Discharging,2000000:2000000:2000000:2000000:2000000:2000000:725000:725000
601243.97,-109000,3967000,250,Discharging,2000000:2000000:2000000:2000000:2000000:2000000:725000:725000
601247.27,-13000,3967000,250,Discharging,2000000:2000000:2000000:2000000:2000000:2000000:725000:725000
601249.78,-14000,3967000,250,Discharging,2000000:2000000:2000000:2000000:2000000:2000000:2200000:2200000
601252.14,-160000,3967000,250,Discharging,2000000:2000000:2000000:2000000:2000000:2000000:725000:725000
601255.50,-8000,3967000,250,Discharging,2000000:2000000:2000000:2000000:2000000:2000000:725000:725000
601258.91,-139000,3967000,250,Discharging,2000000:2000000:2000000:2000000:2000000:2000000:900000:900000
601261.32,-127000,3965000,250,Discharging,2000000:2000000:2000000:2000000:2000000:2000000:725000:725000
601263.86,-31000,3965000,250,Discharging,2000000:2000000:2000000:2000000:2000000:2000000:725000:725000
601266.80,-114000,3965000,250,Discharging,2000000:2000000:2000000:2000000:2000000:2000000:725000:725000
601270.18,-73000,3965000,250,Discharging,2000000:2000000:2000000:2000000:2000000:2000000:725000:725000
601271.29,-158000,3965000,250,Discharging,2000000:2000000:2000000:2000000:2000000:2000000:725000:725000
601274.65,-28000,3965000,250,Discharging,2000000:2000000:2000000:2000000:2000000:2000000:725000:725000
601277.36,-90000,3965000,250,Discharging,2000000:2000000:2000000:2000000:2000000:2000000:725000:725000
601279.42,-93000,3965000,250,Discharging,2000000:2000000:2000000:2000000:2000000:2000000:725000:725000
601282.58,-53000,3965000,250,Discharging,2000000:2000000:2000000:2000000:2000000:2000000:725000:725000
601285.95,-52000,3965000,250,Discharging,2000000:2000000:2000000:2000000:2000000:2000000:800000:800000
601288.07,-47000,3965000,250,Discharging,2000000:2000000:2000000:2000000:2000000:2000000:725000:725000
601291.48,-9000,3965000,250,Discharging,2000000:2000000:2000000:2000000:2000000:2000000:725000:725000
601293.99,-89000,3965000,250,Discharging,2000000:2000000:2000000:2000000:2000000:2000000:725000:725000
601296.94,-52000,3965000,250,Discharging,2000000:2000000:2000000:2000000:2000000:2000000:725000:725000
601299.89,-67000,3965000,250,Discharging,2000000:2000000:2000000:2000000:2000000:2000000:725000:725000
601301.17,-138000,3965000,250,Discharging,2000000:2000000:2000000:2000000:2000000:2000000:725000:725000
601304.32,-49000,3965000,250,Discharging,2000000:2000000:2000000:2000000:2000000:2000000:1200000:1200000
601307.88,-17000,3965000,250,Discharging,2000000:2000000:2000000:2000000:2000000:2000000:725000:725000
601310.39,-68000,3965000,250,Discharging,2000000:2000000:2000000:2000000:2000000:2000000:725000:725000
601313.74,-9000,3965000,250,Discharging,2000000:2000000:2000000:2000000:2000000:2000000:725000:725000
601316.33,-10000,3965000,250,Discharging,2000000:2000000:2000000:2000000:2000000:2000000:725000:725000
601318.31,-75000,3965000,250,Discharging,2000000:2000000:2000000:2000000:2000000:2000000:725000:725000
601320.00,-135000,3965000,250,Discharging,2000000:2000000:2000000:2000000:2000000:2000000:725000:725000
601323.36,-49000,3965000,250,Discharging,2000000:2000000:2000000:2000000:2000000:2000000:725000:725000
601326.72,-139000,3965000,250,Discharging,2000000:2000000:2000000:2000000:2000000:2000000:725000:725000
601329.23,-59000,3965000,250,Discharging,2000000:2000000:2000000:2000000:2000000:2000000:725000:725000
601333.05,-10000,3965000,250,Discharging,2000000:2000000:2000000:2000000:2000000:2000000:725000:725000
601334.09,-211000,3965000,250,Discharging,2000000:2000000:2000000:2000000:2000000:2000000:725000:725000
601335.12,-206000,3965000,250,Discharging,2000000:2000000:2000000:2000000:2000000:2000000:725000:725000
601337.60,-10000,3965000,250,Discharging,2000000:2000000:2000000:2000000:2000000:2000000:725000:725000
601340.26,-49000,3965000,250,Discharging,2000000:2000000:2000000:2000000:2000000:2000000:725000:725000
601342.77,-10000,3965000,250,Discharging,2000000:2000000:2000000:2000000:2000000:2000000:725000:725000
601344.43,-164000,3965000,250,Discharging,2000000:2000000:2000000:2000000:2000000:2000000:725000:725000
601347.70,-20000,3965000,250,Discharging,2000000:2000000:2000000:2000000:2000000:2000000:725000:725000
601350.43,-64000,3965000,250,Discharging,2000000:2000000:2000000:2000000:2000000:2000000:725000:725000
601353.13,-99000,3965000,250,Discharging,2000000:2000000:2000000:2000000:2000000:2000000:725000:725000
601354.52,-128000,3965000,250,Discharging,2000000:2000000:2000000:2000000:2000000:2000000:725000:725000
601356.72,-113000,3965000,250,Discharging,2000000:2000000:2000000:2000000:2000000:2000000:725000:725000
601359.32,-13000,3965000,250,Discharging,2000000:2000000:2000000:2000000:2000000:2000000:725000:725000
601361.79,-67000,3965000,250,Discharging,2000000:2000000:2000000:2000000:2000000:2000000:725000:725000
601363.49,-201000,3965000,250,Discharging,2000000:2000000:2000000:2000000:2000000:2000000:725000:725000
601367.11,-101000,3965000,250,Discharging,2000000:2000000:2000000:2000000:2000000:2000000:725000:725000
601368.95,-224000,3965000,250,Discharging,2000000:2000000:2000000:2000000:2000000:2000000:800000:800000
601372.27,-10000,3965000,250,Discharging,2000000:2000000:2000000:2000000:2000000:2000000:725000:725000
601373.95,-61000,3965000,250,Discharging,2000000:2000000:2000000:2000000:2000000:2000000:1200000:1200000
601376.53,-113000,3965000,250,Discharging,2000000:2000000:2000000:2000000:2000000:2000000:725000:725000
601379.10,-13000,3965000,250,Discharging,2000000:2000000:2000000:2000000:2000000:2000000:725000:725000
601380.71,-93000,3965000,250,Discharging,2000000:2000000:2000000:2000000:2000000:2000000:725000:725000
601383.16,-50000,3962000,250,Discharging,2000000:2000000:2000000:2000000:2000000:2000000:725000:725000
601385.98,-117000,3962000,250,Discharging,2000000:2000000:2000000:2000000:2000000:2000000:725000:725000
601387.82,-190000,3962000,250,Discharging,2000000:2000000:2000000:2000000:2000000:2000000:725000:725000
601389.97,-171000,3962000,250,Discharging,2000000:2000000:2000000:2000000:2000000:2000000:725000:725000
601392.11,-167000,3962000,250,Discharging,2000000:2000000:2000000:2000000:2000000:2000000:725000:725000
601394.64,-84000,3962000,250,Discharging,2000000:2000000:2000000:2000000:2000000:2000000:725000:725000
601397.88,-10000,3962000,250,Discharging,2000000:2000000:2000000:2000000:2000000:2000000:1700000:1700000
601400.53,-11000,3962000,250,Discharging,2000000:2000000:2000000:2000000:2000000:2000000:800000:1000000
601403.10,-9000,3962000,250,Discharging,2000000:2000000:2000000:2000000:2000000:2000000:725000:725000
601405.62,-50000,3962000,250,Discharging,2000000:2000000:2000000:2000000:2000000:2000000:725000:725000
601408.19,-57000,3962000,250,Discharging,2000000:2000000:2000000:2000000:2000000:2000000:725000:725000
601411.65,-13000,3962000,250,Discharging,2000000:2000000:2000000:2000000:2000000:2000000:725000:725000
601414.15,-10000,3962000,250,Discharging,2000000:2000000:2000000:2000000:2000000:2000000:725000:725000
601416.87,-10000,3962000,250,Discharging,2000000:2000000:2000000:2000000:2000000:2000000:725000:725000
601420.19,-106000,3962000,250,Discharging,2000000:2000000:2000000:2000000:2000000:2000000:800000:800000
601423.13,-9000,3962000,250,Discharging,2000000:2000000:2000000:2000000:2000000:2000000:725000:725000
601425.19,-196000,3962000,250,Discharging,2000000:2000000:2000000:2000000:2000000:2000000:725000:725000
601426.95,-10000,3962000,250,Discharging,2000000:2000000:2000000:2000000:2000000:2000000:725000:725000
601430.15,-74000,3962000,250,Discharging,2000000:2000000:2000000:2000000:2000000:2000000:725000:725000
601432.85,-22000,3962000,250,Discharging,2000000:2000000:2000000:2000000:2000000:2000000:725000:725000
601435.55,-64000,3962000,250,Discharging,2000000:2000000:2000000:2000000:2000000:2000000:725000:725000
601438.04,-66000,3962000,250,Discharging,2000000:2000000:2000000:2000000:2000000:2000000:725000:725000
601441.39,-67000,3962000,250,Discharging,2000000:2000000:2000000:2000000:2000000:2000000:2200000:2200000
601443.05,-16000,3962000,250,Discharging,2000000:2000000:2000000:2000000:2000000:2000000:725000:725000
601445.77,-236000,3962000,250,Discharging,2000000:2000000:2000000:2000000:2000000:2000000:725000:725000
601447.94,-58000,3962000,250,Discharging,2000000:2000000:2000000:2000000:2000000:2000000:725000:725000
601451.22,-93000,3962000,250,Discharging,2000000:2000000:2000000:2000000:2000000:2000000:725000:725000
601453.90,-9000,3962000,250,Discharging,2000000:2000000:2000000:2000000:2000000:2000000:725000:725000
601456.39,-24000,3962000,250,Discharging,2000000:2000000:2000000:2000000:2000000:2000000:725000:725000
601459.21,-95000,3962000,250,Discharging,2000000:2000000:2000000:2000000:2000000:2000000:725000:725000
601462.59,-124000,3962000,250,Discharging,2000000:2000000:2000000:2000000:2000000:2000000:800000:900000
601464.41,-158000,3962000,250,Discharging,2000000:2000000:2000000:2000000:2000000:2000000:725000:725000
601466.56,-152000,3962000,250,Discharging,2000000:2000000:2000000:2000000:2000000:2000000:725000:725000
601469.08,-74000,3962000,250,Discharging,2000000:2000000:2000000:2000000:2000000:2000000:725000:725000
601472.42,-59000,3962000,250,Discharging,2000000:2000000:2000000:2000000:2000000:2000000:900000:900000
601475.09,-14000,3962000,250,Discharging,2000000:2000000:2000000:2000000:2000000:2000000:900000:900000
601477.59,-34000,3962000,250,Discharging,2000000:2000000:2000000:2000000:2000000:2000000:725000:725000
601479.89,-92000,3962000,250,Discharging,2000000:2000000:2000000:2000000:2000000:2000000:725000:725000
601481.33,-219000,3962000,250,Discharging,2000000:2000000:2000000:2000000:2000000:2000000:900000:900000
601483.99,-118000,3962000,250,Discharging,2000000:2000000:2000000:2000000:2000000:2000000:1300000:1300000
601487.08,-52000,3962000,250,Discharging,2000000:2000000:2000000:2000000:2000000:2000000:725000:725000
601488.93,-24000,3962000,250,Discharging,2000000:2000000:2000000:2000000:2000000:2000000:725000:725000
601491.57,-14000,3962000,250,Discharging,2000000:2000000:2000000:2000000:2000000:2000000:725000:725000
601494.10,-10000,3962000,250,Discharging,2000000:2000000:2000000:2000000:2000000:2000000:725000:725000
601496.36,-23000,3962000,250,Discharging,2000000:2000000:2000000:2000000:2000000:2000000:725000:725000
601498.69,-114000,3962000,240,Discharging,2000000:2000000:2000000:2000000:2000000:2000000:725000:725000
601499.99,-121000,3962000,240,Discharging,2000000:2000000:2000000:2000000:2000000:2000000:725000:725000
601502.83,-172000,3962000,250,Discharging,2000000:2000000:2000000:2000000:2000000:2000000:1100000:1100000
601505.59,-10000,3962000,250,Discharging,2000000:2000000:2000000:2000000:2000000:2000000:725000:725000
601508.08,-9000,3962000,250,Discharging,2000000:2000000:2000000:2000000:2000000:2000000:725000:725000
601510.82,-82000,3962000,250,Discharging,2000000:2000000:2000000:2000000:2000000:2000000:725000:725000
601513.49,-13000,3962000,250,Discharging,2000000:2000000:2000000:2000000:2000000:2000000:900000:900000
601515.57,-223000,3962000,250,Discharging,2000000:2000000:2000000:2000000:2000000:2000000:725000:725000
601517.85,-122000,3962000,250,Discharging,2000000:2000000:2000000:2000000:2000000:2000000:725000:725000
601521.16,-105000,3962000,250,Discharging,2000000:2000000:2000000:2000000:2000000:2000000:725000:725000
601524.23,-9000,3962000,250,Discharging,2000000:2000000:2000000:2000000:2000000:2000000:1100000:1100000
601526.76,-54000,3962000,240,Discharging,2000000:2000000:2000000:2000000:2000000:2000000:725000:725000
601529.28,-51000,3962000,250,Discharging,2000000:2000000:2000000:2000000:2000000:2000000:725000:725000
601531.88,-15000,3962000,240,Discharging,2000000:2000000:2000000:2000000:2000000:2000000:725000:725000
601535.09,-13000,3962000,240,Discharging,2000000:2000000:2000000:2000000:2000000:2000000:725000:725000
601536.76,-197000,3962000,250,Discharging,2000000:2000000:2000000:2000000:2000000:2000000:725000:725000
601539.05,-29000,3962000,240,Discharging,2000000:2000000:2000000:2000000:2000000:2000000:725000:725000
601540.08,-206000,3962000,240,Discharging,2000000:2000000:2000000:2000000:2000000:2000000:725000:725000
601541.11,-189000,3962000,240,Discharging,2000000:2000000:2000000:2000000:2000000:2000000:725000:725000
601542.88,-13000,3962000,240,Discharging,2000000:2000000:2000000:2000000:2000000:2000000:725000:725000
601545.38,-9000,3962000,250,Discharging,2000000:2000000:2000000:2000000:2000000:2000000:725000:725000
601548.43,-195000,3962000,240,Discharging,2000000:2000000:2000000:2000000:2000000:2000000:725000:725000
601549.83,-69000,3962000,240,Discharging,2000000:2000000:2000000:2000000:2000000:2000000:725000:725000
601552.60,-38000,3962000,250,Discharging,2000000:2000000:2000000:2000000:2000000:2000000:725000:725000
601555.32,-153000,3962000,240,Discharging,2000000:2000000:2000000:2000000:2000000:2000000:725000:725000
601558.56,-9000,3962000,240,Discharging,2000000:2000000:2000000:2000000:2000000:2000000:725000:725000
601561.10,-180000,3962000,240,Discharging,2000000:2000000:2000000:2000000:2000000:2000000:725000:725000
601563.76,-8000,3962000,240,Discharging,2000000:2000000:2000000:2000000:2000000:2000000:725000:725000
601565.44,-140000,3962000,240,Discharging,2000000:2000000:2000000:2000000:2000000:2000000:725000:725000
601567.75,-8000,3962000,240,Discharging,2000000:2000000:2000000:2000000:2000000:2000000:725000:725000
601569.03,-197000,3962000,240,Discharging,2000000:2000000:2000000:2000000:2000000:2000000:725000:725000
601571.65,-31000,3962000,240,Discharging,2000000:2000000:2000000:2000000:2000000:2000000:725000:725000
601575.04,-10000,3962000,240,Discharging,2000000:2000000:2000000:2000000:2000000:2000000:725000:725000
601577.56,-14000,3962000,240,Discharging,2000000:2000000:2000000:2000000:2000000:2000000:725000:725000
601580.42,-124000,3962000,240,Discharging,2000000:2000000:2000000:2000000:2000000:2000000:725000:725000
601582.06,-217000,3962000,240,Discharging,2000000:2000000:2000000:2000000:2000000:2000000:725000:725000
601584.26,-51000,3962000,240,Discharging,2000000:2000000:2000000:2000000:2000000:2000000:725000:725000
601587.15,-137000,3962000,240,Discharging,2000000:2000000:2000000:2000000:2000000:2000000:725000:725000
601590.27,-63000,3962000,240,Discharging,2000000:2000000:2000000:2000000:2000000:2000000:725000:725000
601592.94,-51000,3962000,240,Discharging,2000000:2000000:2000000:2000000:2000000:2000000:725000:725000
601595.66,-172000,3962000,250,Discharging,2000000:2000000:2000000:2000000:2000000:2000000:725000:725000
601599.21,-14000,3962000,240,Discharging,2000000:2000000:2000000:2000000:2000000:2000000:725000:725000
601600.93,-46000,3962000,240,Discharging,2000000:2000000:2000000:2000000:2000000:2000000:725000:725000
601604.75,-8000,3962000,240,Discharging,2000000:2000000:2000000:2000000:2000000:2000000:725000:725000
601606.20,-71000,3962000,240,Discharging,2000000:2000000:2000000:2000000:2000000:2000000:725000:725000
601609.39,-13000,3962000,240,Discharging,2000000:2000000:2000000:2000000:2000000:2000000:725000:725000
601611.63,-110000,3962000,240,Discharging,2000000:2000000:2000000:2000000:2000000:2000000:725000:725000
601614.18,-94000,3962000,240,Discharging,2000000:2000000:2000000:2000000:2000000:2000000:725000:725000
601616.70,-60000,3962000,240,Discharging,2000000:2000000:2000000:2000000:2000000:2000000:725000:725000
601619.77,-12000,3962000,240,Discharging,2000000:2000000:2000000:2000000:2000000:2000000:725000:725000
601623.17,-44000,3962000,240,Discharging,2000000:2000000:2000000:2000000:2000000:2000000:725000:725000
601625.62,-13000,3962000,240,Discharging,2000000:2000000:2000000:2000000:2000000:2000000:1300000:1300000
601628.24,-124000,3962000,240,Discharging,2000000:2000000:2000000:2000000:2000000:2000000:725000:725000
601631.02,-10000,3962000,240,Discharging,2000000:2000000:2000000:2000000:2000000:2000000:725000:725000
601633.61,-106000,3962000,240,Discharging,2000000:2000000:2000000:2000000:2000000:2000000:725000:725000
601637.18,-56000,3962000,240,Discharging,2000000:2000000:2000000:2000000:2000000:2000000:1000000:1000000
601639.70,-50000,3962000,240,Discharging,2000000:2000000:2000000:2000000:2000000:2000000:725000:725000
601642.39,-24000,3962000,240,Discharging,2000000:2000000:2000000:2000000:2000000:2000000:725000:725000
601644.29,-16000,3962000,240,Discharging,2000000:2000000:2000000:2000000:2000000:2000000:725000:725000
601647.02,-25000,3962000,240,Discharging,2000000:2000000:2000000:2000000:2000000:2000000:900000:900000
601649.53,-27000,3962000,240,Discharging,2000000:2000000:2000000:2000000:2000000:2000000:725000:725000
601653.16,-10000,3962000,240,Discharging,2000000:2000000:2000000:2000000:2000000:2000000:900000:900000
601654.89,-101000,3962000,240,Discharging,2000000:2000000:2000000:2000000:2000000:2000000:725000:725000
601658.19,-96000,3962000,240,Discharging,2000000:2000000:2000000:2000000:2000000:2000000:725000:725000
601660.91,-10000,3962000,240,Discharging,2000000:2000000:2000000:2000000:2000000:2000000:725000:725000
601663.57,-24000,3962000,240,Discharging,2000000:2000000:2000000:2000000:2000000:2000000:725000:725000
601666.07,-146000,3962000,240,Discharging,2000000:2000000:2000000:2000000:2000000:2000000:725000:725000
601669.65,-10000,3962000,240,Discharging,2000000:2000000:2000000:2000000:2000000:2000000:800000:800000
601672.17,-13000,3962000,240,Discharging,2000000:2000000:2000000:2000000:2000000:2000000:725000:725000
601674.67,-32000,3962000,240,Discharging,2000000:2000000:2000000:2000000:2000000:2000000:725000:725000
601677.25,-21000,3962000,240,Discharging,2000000:2000000:2000000:2000000:2000000:2000000:725000:725000
601679.68,-10000,3962000,240,Discharging,2000000:2000000:2000000:2000000:2000000:2000000:900000:900000
601682.20,-12000,3962000,240,Discharging,2000000:2000000:2000000:2000000:2000000:2000000:725000:725000
601684.69,-106000,3962000,240,Discharging,2000000:2000000:2000000:2000000:2000000:2000000:725000:725000
601686.76,-153000,3962000,240,Discharging,2000000:2000000:2000000:2000000:2000000:2000000:725000:800000
601688.61,-35000,3962000,240,Discharging,2000000:2000000:2000000:2000000:2000000:2000000:725000:725000
601690.49,-193000,3962000,240,Discharging,2000000:2000000:2000000:2000000:2000000:2000000:725000:725000
601694.12,-132000,3962000,240,Discharging,2000000:2000000:2000000:2000000:2000000:2000000:900000:900000
601696.83,-13000,3962000,240,Discharging,2000000:2000000:2000000:2000000:2000000:2000000:725000:725000
601699.32,-17000,3962000,240,Discharging,2000000:2000000:2000000:2000000:2000000:2000000:725000:725000
601702.72,-10000,3962000,240,Discharging,2000000:2000000:2000000:2000000:2000000:2000000:725000:725000
601704.97,-8000,3962000,240,Discharging,2000000:2000000:2000000:2000000:2000000:2000000:800000:800000
601707.47,-11000,3962000,240,Discharging,2000000:2000000:2000000:2000000:2000000:2000000:725000:725000
601709.79,-53000,3962000,240,Discharging,2000000:2000000:2000000:2000000:2000000:2000000:725000:725000
601712.31,-53000,3962000,240,Discharging,2000000:2000000:2000000:2000000:2000000:2000000:725000:725000
601715.62,-116000,3962000,240,Discharging,2000000:2000000:2000000:2000000:2000000:2000000:1000000:1000000
601718.42,-39000,3962000,240,Discharging,2000000:2000000:2000000:2000000:2000000:2000000:725000:725000
601720.91,-10000,3962000,240,Discharging,2000000:2000000:2000000:2000000:2000000:2000000:725000:725000
601722.78,-153000,3962000,240,Discharging,2000000:2000000:2000000:2000000:2000000:2000000:725000:725000
601726.38,-39000,3962000,240,Discharging,2000000:2000000:2000000:2000000:2000000:2000000:1000000:1000000
601729.11,-12000,3962000,240,Discharging,2000000:2000000:2000000:2000000:2000000:2000000:725000:725000
601731.71,-17000,3962000,240,Discharging,2000000:2000000:2000000:2000000:2000000:2000000:725000:725000
601734.64,-24000,3962000,240,Discharging,2000000:2000000:2000000:2000000:2000000:2000000:725000:725000
601736.98,-17000,3962000,240,Discharging,2000000:2000000:2000000:2000000:2000000:2000000:725000:725000
601739.58,-10000,3962000,240,Discharging,2000000:2000000:2000000:2000000:2000000:2000000:725000:725000
601742.01,-10000,3962000,240,Discharging,2000000:2000000:2000000:2000000:2000000:2000000:725000:725000
601744.32,-39000,3962000,240,Discharging,2000000:2000000:2000000:2000000:2000000:2000000:725000:725000
601746.78,-17000,3962000,240,Discharging,2000000:2000000:2000000:2000000:2000000:2000000:725000:725000
601749.88,-10000,3962000,240,Discharging,2000000:2000000:2000000:2000000:2000000:2000000:725000:725000
601752.38,-9000,3962000,240,Discharging,2000000:2000000:2000000:2000000:2000000:2000000:725000:725000
601755.10,-8000,3962000,240,Discharging,2000000:2000000:2000000:2000000:2000000:2000000:725000:725000
601758.84,-69000,3962000,240,Discharging,2000000:2000000:2000000:2000000:2000000:2000000:725000:725000
601761.50,-10000,3962000,240,Discharging,2000000:2000000:2000000:2000000:2000000:2000000:900000:900000
601763.24,-10000,3962000,240,Discharging,2000000:2000000:2000000:2000000:2000000:2000000:725000:725000
601765.32,-208000,3962000,240,Discharging,2000000:2000000:2000000:2000000:2000000:2000000:725000:725000
601768.10,-89000,3947000,240,Discharging,2000000:2000000:2000000:2000000:2000000:2000000:725000:725000
601770.95,-164000,3947000,240,Discharging,2000000:2000000:2000000:2000000:2000000:2000000:725000:725000
601773.82,-17000,3947000,240,Discharging,2000000:2000000:2000000:2000000:2000000:2000000:725000:725000
601776.34,-17000,3947000,240,Discharging,2000000:2000000:2000000:2000000:2000000:2000000:725000:725000
601778.94,-63000,3947000,240,Discharging,2000000:2000000:2000000:2000000:2000000:2000000:725000:725000
601781.98,-43000,3947000,240,Discharging,2000000:2000000:2000000:2000000:2000000:2000000:900000:900000
601784.27,-51000,3947000,240,Discharging,2000000:2000000:2000000:2000000:2000000:2000000:725000:725000
601786.99,-68000,3947000,240,Discharging,2000000:2000000:2000000:2000000:2000000:2000000:725000:725000
601790.07,-131000,3947000,240,Discharging,2000000:2000000:2000000:2000000:2000000:2000000:725000:725000
601793.65,-10000,3947000,240,Discharging,2000000:2000000:2000000:2000000:2000000:2000000:725000:725000
601795.91,-14000,3947000,240,Discharging,2000000:2000000:2000000:2000000:2000000:2000000:725000:725000
601797.20,-138000,3947000,240,Discharging,2000000:2000000:2000000:2000000:2000000:2000000:725000:725000
601798.26,-192000,3947000,240,Discharging,2000000:2000000:2000000:2000000:2000000:2000000:725000:725000
601800.70,-58000,3947000,240,Discharging,2000000:2000000:2000000:2000000:2000000:2000000:725000:725000
601803.57,-8000,3947000,240,Discharging,2000000:2000000:2000000:2000000:2000000:2000000:725000:725000
601806.30,-9000,3947000,240,Discharging,2000000:2000000:2000000:2000000:2000000:2000000:725000:725000
601808.60,-17000,3947000,240,Discharging,2000000:2000000:2000000:2000000:2000000:2000000:725000:725000
601811.34,-29000,3947000,240,Discharging,2000000:2000000:2000000:2000000:2000000:2000000:725000:725000
601813.43,-9000,3947000,240,Discharging,2000000:2000000:2000000:2000000:2000000:2000000:725000:725000
601815.74,-35000,3947000,240,Discharging,2000000:2000000:2000000:2000000:2000000:2000000:725000:725000
601818.12,-41000,3947000,240,Discharging,2000000:2000000:2000000:2000000:2000000:2000000:725000:725000
601820.72,-10000,3947000,240,Discharging,2000000:2000000:2000000:2000000:2000000:2000000:725000:725000
601823.02,-13000,3947000,240,Discharging,2000000:2000000:2000000:2000000:2000000:2000000:725000:725000
601824.81,-25000,3947000,240,Discharging,2000000:2000000:2000000:2000000:2000000:2000000:725000:725000
601827.22,-40000,3947000,240,Discharging,2000000:2000000:2000000:2000000:2000000:2000000:725000:725000
601829.82,-10000,3947000,240,Discharging,2000000:2000000:2000000:2000000:2000000:2000000:725000:725000
601832.05,-14000,3947000,240,Discharging,2000000:2000000:2000000:2000000:2000000:2000000:725000:725000
601833.45,-131000,3947000,240,Discharging,2000000:2000000:2000000:2000000:2000000:2000000:725000:725000
601836.92,-50000,3947000,240,Discharging,2000000:2000000:2000000:2000000:2000000:2000000:725000:725000
601839.62,-14000,3947000,240,Discharging,2000000:2000000:2000000:2000000:2000000:2000000:725000:725000
601842.08,-11000,3947000,240,Discharging,2000000:2000000:2000000:2000000:2000000:2000000:725000:725000
601844.64,-9000,3947000,240,Discharging,2000000:2000000:2000000:2000000:2000000:2000000:725000:725000
601847.36,-12000,3947000,240,Discharging,2000000:2000000:2000000:2000000:2000000:2000000:725000:725000
601851.20,-10000,3947000,240,Discharging,2000000:2000000:2000000:2000000:2000000:2000000:725000:725000
601853.66,-12000,3947000,240,Discharging,2000000:2000000:2000000:2000000:2000000:2000000:900000:900000
601855.77,-114000,3947000,240,Discharging,2000000:2000000:2000000:2000000:2000000:2000000:725000:725000
601858.48,-76000,3947000,240,Discharging,2000000:2000000:2000000:2000000:2000000:2000000:1000000:1000000
601860.09,-142000,3947000,240,Discharging,2000000:2000000:2000000:2000000:2000000:2000000:725000:725000
601862.58,-18000,3947000,240,Discharging,2000000:2000000:2000000:2000000:2000000:2000000:725000:725000
601865.31,-13000,3947000,240,Discharging,2000000:2000000:2000000:2000000:2000000:2000000:725000:725000
601869.12,-13000,3947000,240,Discharging,2000000:2000000:2000000:2000000:2000000:2000000:725000:725000
601870.15,-201000,3947000,240,Discharging,2000000:2000000:2000000:2000000:2000000:2000000:725000:725000
601872.13,-9000,3947000,240,Discharging,2000000:2000000:2000000:2000000:2000000:2000000:725000:725000
601874.64,-49000,3947000,240,Discharging,2000000:2000000:2000000:2000000:2000000:2000000:725000:725000
601876.02,-211000,3947000,240,Discharging,2000000:2000000:2000000:2000000:2000000:2000000:725000:725000
601879.39,-12000,3947000,240,Discharging,2000000:2000000:2000000:2000000:2000000:2000000:725000:725000
601881.85,-14000,3947000,240,Discharging,2000000:2000000:2000000:2000000:2000000:2000000:725000:725000
601884.78,-132000,3947000,240,Discharging,2000000:2000000:2000000:2000000:2000000:2000000:725000:725000
601888.07,-165000,3947000,240,Discharging,2000000:2000000:2000000:2000000:2000000:2000000:725000:725000
601889.80,-124000,3947000,240,Discharging,2000000:2000000:2000000:2000000:2000000:2000000:725000:725000
601893.23,-9000,3947000,240,Discharging,2000000:2000000:2000000:2000000:2000000:2000000:725000:725000
601895.74,-57000,3947000,240,Discharging,2000000:2000000:2000000:2000000:2000000:2000000:725000:725000
601898.41,-92000,3947000,240,Discharging,2000000:2000000:2000000:2000000:2000000:2000000:725000:725000
601901.79,-14000,3947000,240,Discharging,2000000:2000000:2000000:2000000:2000000:2000000:725000:725000
601902.83,-175000,3960000,240,Discharging,2000000:2000000:2000000:2000000:2000000:2000000:725000:725000
601906.50,-29000,3960000,240,Discharging,2000000:2000000:2000000:2000000:2000000:2000000:725000:725000
601907.96,-55000,3960000,240,Discharging,2000000:2000000:2000000:2000000:2000000:2000000:725000:725000
601911.02,-20000,3960000,240,Discharging,2000000:2000000:2000000:2000000:2000000:2000000:725000:725000
601913.53,-20000,3960000,240,Discharging,2000000:2000000:2000000:2000000:2000000:2000000:725000:725000
601917.09,-8000,3960000,240,Discharging,2000000:2000000:2000000:2000000:2000000:2000000:725000:725000
601919.61,-44000,3960000,240,Discharging,2000000:2000000:2000000:2000000:2000000:2000000:725000:725000
601921.69,-137000,3960000,240,Discharging,2000000:2000000:2000000:2000000:2000000:2000000:725000:725000
601924.01,-8000,3960000,240,Discharging,2000000:2000000:2000000:2000000:2000000:2000000:725000:725000
601927.52,-98000,3960000,240,Discharging,2000000:2000000:2000000:2000000:2000000:2000000:725000:725000
601930.18,-8000,3960000,240,Discharging,2000000:2000000:2000000:2000000:2000000:2000000:725000:725000
601932.88,-9000,3960000,240,Discharging,2000000:2000000:2000000:2000000:2000000:2000000:725000:725000
601933.91,-201000,3960000,240,Discharging,2000000:2000000:2000000:2000000:2000000:2000000:725000:725000
601934.94,-176000,3960000,240,Discharging,2000000:2000000:2000000:2000000:2000000:2000000:725000:725000
601937.41,-15000,3960000,240,Discharging,2000000:2000000:2000000:2000000:2000000:2000000:725000:725000
601939.62,-13000,3960000,240,Discharging,2000000:2000000:2000000:2000000:2000000:2000000:725000:725000
601942.54,-149000,3960000,240,Discharging,2000000:2000000:2000000:2000000:2000000:2000000:725000:725000
601945.30,-24000,3960000,240,Discharging,2000000:2000000:2000000:2000000:2000000:2000000:725000:725000
601947.80,-23000,3960000,240,Discharging,2000000:2000000:2000000:2000000:2000000:2000000:725000:725000
601950.54,-9000,3960000,240,Discharging,2000000:2000000:2000000:2000000:2000000:2000000:725000:725000
601952.65,-98000,3960000,240,Discharging,2000000:2000000:2000000:2000000:2000000:2000000:725000:725000
601955.98,-38000,3960000,240,Discharging,2000000:2000000:2000000:2000000:2000000:2000000:725000:725000
601958.65,-76000,3960000,240,Discharging,2000000:2000000:2000000:2000000:2000000:2000000:725000:725000
601961.11,-9000,3960000,240,Discharging,2000000:2000000:2000000:2000000:2000000:2000000:725000:725000
601963.63,-9000,3960000,240,Discharging,2000000:2000000:2000000:2000000:2000000:2000000:725000:725000
601966.04,-24000,3960000,240,Discharging,2000000:2000000:2000000:2000000:2000000:2000000:725000:725000
601968.64,-24000,3960000,240,Discharging,2000000:2000000:2000000:2000000:2000000:2000000:725000:725000
601971.11,-8000,3960000,240,Discharging,2000000:2000000:2000000:2000000:2000000:2000000:725000:725000
601973.62,-9000,3960000,240,Discharging,2000000:2000000:2000000:2000000:2000000:2000000:725000:725000
601977.06,-128000,3960000,240,Discharging,2000000:2000000:2000000:2000000:2000000:2000000:725000:725000
601979.72,-23000,3960000,240,Discharging,2000000:2000000:2000000:2000000:2000000:2000000:725000:725000
601981.97,-28000,3960000,240,Discharging,2000000:2000000:2000000:2000000:2000000:2000000:900000:900000
601983.23,-151000,3960000,240,Discharging,2000000:2000000:2000000:2000000:2000000:2000000:725000:725000
601985.50,-12000,3960000,240,Discharging,2000000:2000000:2000000:2000000:2000000:2000000:725000:725000
601988.16,-14000,3960000,240,Discharging,2000000:2000000:2000000:2000000:2000000:2000000:725000:725000
601990.78,-10000,3960000,240,Discharging,2000000:2000000:2000000:2000000:2000000:2000000:725000:725000
601993.22,-12000,3960000,240,Discharging,2000000:2000000:2000000:2000000:2000000:2000000:725000:725000
601994.56,-165000,3960000,240,Discharging,2000000:2000000:2000000:2000000:2000000:2000000:725000:725000
601997.95,-29000,3960000,240,Discharging,2000000:2000000:2000000:2000000:2000000:2000000:725000:725000
602000.47,-11000,3960000,240,Discharging,2000000:2000000:2000000:2000000:2000000:2000000:725000:725000
602002.98,-19000,3960000,240,Discharging,2000000:2000000:2000000:2000000:2000000:2000000:725000:725000
602006.55,-9000,3960000,240,Discharging,2000000:2000000:2000000:2000000:2000000:2000000:900000:900000
602008.40,-82000,3960000,240,Discharging,2000000:2000000:2000000:2000000:2000000:2000000:725000:725000
602011.58,-9000,3960000,240,Discharging,2000000:2000000:2000000:2000000:2000000:2000000:725000:725000
602013.37,-103000,3960000,240,Discharging,2000000:2000000:2000000:2000000:2000000:2000000:725000:725000
602015.71,-10000,3960000,240,Discharging,2000000:2000000:2000000:2000000:2000000:2000000:725000:725000
602018.32,-8000,3960000,240,Discharging,2000000:2000000:2000000:2000000:2000000:2000000:725000:725000
602020.83,-9000,3960000,240,Discharging,2000000:2000000:2000000:2000000:2000000:2000000:725000:725000
602023.30,-64000,3960000,240,Discharging,2000000:2000000:2000000:2000000:2000000:2000000:725000:725000
602026.20,-10000,3960000,240,Discharging,2000000:2000000:2000000:2000000:2000000:2000000:725000:725000
602028.60,-86000,3960000,240,Discharging,2000000:2000000:2000000:2000000:2000000:2000000:725000:725000
602031.12,-81000,3960000,240,Discharging,2000000:2000000:2000000:2000000:2000000:2000000:725000:725000
602034.32,-10000,3960000,240,Discharging,2000000:2000000:2000000:2000000:2000000:2000000:725000:725000
602036.92,-57000,3960000,240,Discharging,2000000:2000000:2000000:2000000:2000000:2000000:725000:725000
602039.48,-58000,3960000,240,Discharging,2000000:2000000:2000000:2000000:2000000:2000000:725000:725000
602042.00,-51000,3960000,240,Discharging,2000000:2000000:2000000:2000000:2000000:2000000:725000:725000
602045.58,-115000,3960000,240,Discharging,2000000:2000000:2000000:2000000:2000000:2000000:725000:725000
602047.06,-126000,3960000,240,Discharging,2000000:2000000:2000000:2000000:2000000:2000000:725000:725000
602049.91,-85000,3960000,240,Discharging,2000000:2000000:2000000:2000000:2000000:2000000:725000:725000
602052.42,-76000,3960000,240,Discharging,2000000:2000000:2000000:2000000:2000000:2000000:725000:725000
602055.09,-190000,3960000,240,Discharging,2000000:2000000:2000000:2000000:2000000:2000000:725000:725000
602057.96,-8000,3960000,240,Discharging,2000000:2000000:2000000:2000000:2000000:2000000:725000:725000
602060.66,-53000,3960000,240,Discharging,2000000:2000000:2000000:2000000:2000000:2000000:725000:725000
602062.95,-58000,3960000,240,Discharging,2000000:2000000:2000000:2000000:2000000:2000000:725000:725000
602066.27,-118000,3960000,240,Discharging,2000000:2000000:2000000:2000000:2000000:2000000:725000:725000
602068.94,-11000,3960000,240,Discharging,2000000:2000000:2000000:2000000:2000000:2000000:725000:725000
602071.40,-28000,3960000,240,Discharging,2000000:2000000:2000000:2000000:2000000:2000000:725000:725000
602073.92,-9000,3960000,240,Discharging,2000000:2000000:2000000:2000000:2000000:2000000:725000:725000
602076.42,-56000,3960000,240,Discharging,2000000:2000000:2000000:2000000:2000000:2000000:725000:725000
602079.05,-9000,3960000,240,Discharging,2000000:2000000:2000000:2000000:2000000:2000000:725000:725000
602082.02,-10000,3960000,240,Discharging,2000000:2000000:2000000:2000000:2000000:2000000:725000:725000
602085.79,-68000,3960000,240,Discharging,2000000:2000000:2000000:2000000:2000000:2000000:725000:725000
602088.38,-13000,3960000,240,Discharging,2000000:2000000:2000000:2000000:2000000:2000000:725000:725000
602090.85,-10000,3960000,240,Discharging,2000000:2000000:2000000:2000000:2000000:2000000:725000:725000
602093.57,-140000,3960000,240,Discharging,2000000:2000000:2000000:2000000:2000000:2000000:725000:725000
602094.81,-156000,3960000,240,Discharging,2000000:2000000:2000000:2000000:2000000:2000000:725000:725000
602097.97,-68000,3960000,240,Discharging,2000000:2000000:2000000:2000000:2000000:2000000:725000:725000
602100.47,-8000,3960000,240,Discharging,2000000:2000000:2000000:2000000:2000000:2000000:725000:725000
602102.99,-189000,3960000,240,Discharging,2000000:2000000:2000000:2000000:2000000:2000000:725000:725000
602106.73,-109000,3960000,240,Discharging,2000000:2000000:2000000:2000000:2000000:2000000:725000:725000
602109.17,-70000,3960000,240,Discharging,2000000:2000000:2000000:2000000:2000000:2000000:725000:725000
602110.83,-241000,3960000,240,Discharging,2000000:2000000:2000000:2000000:2000000:2000000:725000:725000
602113.50,-14000,3960000,240,Discharging,2000000:2000000:2000000:2000000:2000000:2000000:725000:725000
602117.04,-12000,3960000,240,Discharging,2000000:2000000:2000000:2000000:2000000:2000000:800000:800000
602119.71,-58000,3960000,240,Discharging,2000000:2000000:2000000:2000000:2000000:2000000:800000:800000
602121.97,-61000,3960000,240,Discharging,2000000:2000000:2000000:2000000:2000000:2000000:725000:725000
602124.45,-60000,3960000,240,Discharging,2000000:2000000:2000000:2000000:2000000:2000000:725000:725000
602126.77,-13000,3960000,240,Discharging,2000000:2000000:2000000:2000000:2000000:2000000:725000:725000
602129.47,-34000,3960000,240,Discharging,2000000:2000000:2000000:2000000:2000000:2000000:725000:725000
602130.93,-99000,3960000,240,Discharging,2000000:2000000:2000000:2000000:2000000:2000000:725000:725000
602133.43,-60000,3960000,240,Discharging,2000000:2000000:2000000:2000000:2000000:2000000:725000:725000
602137.01,-13000,3960000,240,Discharging,2000000:2000000:2000000:2000000:2000000:2000000:725000:725000
602138.85,-46000,3960000,240,Discharging,2000000:2000000:2000000:2000000:2000000:2000000:1400000:1400000
602140.93,-12000,3932000,240,Discharging,2000000:2000000:2000000:2000000:2000000:2000000:725000:725000
602143.26,-85000,3932000,240,Discharging,2000000:2000000:2000000:2000000:2000000:2000000:725000:725000
602145.69,-15000,3932000,240,Discharging,2000000:2000000:2000000:2000000:2000000:2000000:725000:725000
602148.25,-33000,3932000,240,Discharging,2000000:2000000:2000000:2000000:2000000:2000000:725000:725000
602150.77,-209000,3932000,240,Discharging,2000000:2000000:2000000:2000000:2000000:2000000:725000:725000
602154.04,-95000,3932000,240,Discharging,2000000:2000000:2000000:2000000:2000000:2000000:725000:725000
602156.74,-9000,3932000,240,Discharging,2000000:2000000:2000000:2000000:2000000:2000000:725000:725000
602159.15,-16000,3932000,240,Discharging,2000000:2000000:2000000:2000000:2000000:2000000:725000:725000
602161.87,-36000,3932000,240,Discharging,2000000:2000000:2000000:2000000:2000000:2000000:725000:725000
602165.65,-8000,3932000,240,Discharging,2000000:2000000:2000000:2000000:2000000:2000000:725000:725000
602168.35,-40000,3932000,240,Discharging,2000000:2000000:2000000:2000000:2000000:2000000:800000:800000
602169.96,-195000,3932000,240,Discharging,2000000:2000000:2000000:2000000:2000000:2000000:725000:725000
602171.87,-24000,3932000,240,Discharging,2000000:2000000:2000000:2000000:2000000:2000000:725000:725000
602175.21,-17000,3932000,240,Discharging,2000000:2000000:2000000:2000000:2000000:2000000:725000:725000
602177.97,-13000,3932000,240,Discharging,2000000:2000000:2000000:2000000:2000000:2000000:725000:725000
602180.50,-14000,3932000,240,Discharging,2000000:2000000:2000000:2000000:2000000:2000000:725000:725000
602182.03,-74000,3932000,240,Discharging,2000000:2000000:2000000:2000000:2000000:2000000:725000:725000
602184.68,-114000,3932000,240,Discharging,2000000:2000000:2000000:2000000:2000000:2000000:900000:900000
602185.71,-211000,3932000,240,Discharging,2000000:2000000:2000000:2000000:2000000:2000000:725000:725000
602187.39,-8000,3932000,240,Discharging,2000000:2000000:2000000:2000000:2000000:2000000:800000:800000
602189.34,-195000,3932000,240,Discharging,2000000:2000000:2000000:2000000:2000000:2000000:725000:725000
602192.72,-10000,3932000,240,Discharging,2000000:2000000:2000000:2000000:2000000:2000000:725000:725000
602195.17,-9000,3932000,240,Discharging,2000000:2000000:2000000:2000000:2000000:2000000:725000:725000
602196.96,-30000,3932000,240,Discharging,500000:500000:500000:500000:500000:500000:725000:725000
602199.36,-38000,3932000,240,Discharging,500000:500000:500000:500000:500000:500000:725000:725000
602201.19,-35000,3932000,240,Discharging,2000000:2000000:2000000:2000000:2000000:2000000:725000:725000
602203.79,-43000,3932000,240,Discharging,2000000:2000000:2000000:2000000:2000000:2000000:725000:725000
602207.25,-10000,3932000,240,Discharging,2000000:2000000:2000000:2000000:2000000:2000000:725000:725000
602210.64,-14000,3932000,240,Discharging,2000000:2000000:2000000:2000000:2000000:2000000:725000:725000
602213.15,-8000,3932000,240,Discharging,2000000:2000000:2000000:2000000:2000000:2000000:725000:725000
602215.76,-95000,3932000,240,Discharging,2000000:2000000:2000000:2000000:2000000:2000000:900000:900000
602218.24,-14000,3932000,240,Discharging,2000000:2000000:2000000:2000000:2000000:2000000:725000:725000
602221.60,-18000,3932000,240,Discharging,2000000:2000000:2000000:2000000:2000000:2000000:725000:725000
602224.77,-32000,3932000,240,Discharging,2000000:2000000:2000000:2000000:2000000:2000000:900000:900000
602227.70,-16000,3932000,240,Discharging,2000000:2000000:2000000:2000000:2000000:2000000:725000:725000
602230.65,-168000,3932000,240,Discharging,2000000:2000000:2000000:2000000:2000000:2000000:725000:725000
602233.16,-9000,3932000,240,Discharging,2000000:2000000:2000000:2000000:2000000:2000000:1300000:1300000
602236.01,-53000,3932000,240,Discharging,2000000:2000000:2000000:2000000:2000000:2000000:725000:725000
602238.18,-9000,3932000,240,Discharging,2000000:2000000:2000000:2000000:2000000:2000000:725000:725000
602240.70,-10000,3932000,240,Discharging,2000000:2000000:2000000:2000000:2000000:2000000:725000:725000
602242.76,-46000,3932000,240,Discharging,2000000:2000000:2000000:2000000:2000000:2000000:725000:725000
602245.49,-49000,3932000,240,Discharging,2000000:2000000:2000000:2000000:2000000:2000000:725000:725000
602248.03,-49000,3932000,240,Discharging,2000000:2000000:2000000:2000000:2000000:2000000:725000:725000
602250.13,-47000,3932000,240,Discharging,2000000:2000000:2000000:2000000:2000000:2000000:725000:725000
602253.08,-90000,3932000,240,Discharging,2000000:2000000:2000000:2000000:2000000:2000000:725000:725000
602256.84,-15000,3932000,240,Discharging,2000000:2000000:2000000:2000000:2000000:2000000:725000:725000
602259.15,-57000,3932000,240,Discharging,2000000:2000000:2000000:2000000:2000000:2000000:725000:725000
602262.30,-94000,3932000,240,Discharging,2000000:2000000:2000000:2000000:2000000:2000000:725000:725000
602264.76,-57000,3932000,240,Discharging,2000000:2000000:2000000:2000000:2000000:2000000:725000:725000
602268.21,-11000,3932000,240,Discharging,2000000:2000000:2000000:2000000:2000000:2000000:725000:725000
602270.52,-36000,3932000,240,Discharging,2000000:2000000:2000000:2000000:2000000:2000000:725000:725000
602271.55,-135000,3932000,240,Discharging,2000000:2000000:2000000:2000000:2000000:2000000:725000:725000
602272.58,-160000,3932000,240,Discharging,2000000:2000000:2000000:2000000:2000000:2000000:725000:725000
602275.08,-38000,3932000,240,Discharging,2000000:2000000:2000000:2000000:2000000:2000000:725000:725000
602278.44,-14000,3932000,240,Discharging,2000000:2000000:2000000:2000000:2000000:2000000:725000:725000
602280.88,-26000,3932000,240,Discharging,2000000:2000000:2000000:2000000:2000000:2000000:725000:725000
602283.61,-10000,3932000,240,Discharging,2000000:2000000:2000000:2000000:2000000:2000000:725000:725000
602286.76,-10000,3932000,240,Discharging,2000000:2000000:2000000:2000000:2000000:2000000:725000:725000
602289.91,-23000,3932000,240,Discharging,2000000:2000000:2000000:2000000:2000000:2000000:725000:725000
602292.21,-10000,3932000,240,Discharging,2000000:2000000:2000000:2000000:2000000:2000000:725000:725000
602295.33,-13000,3932000,240,Discharging,2000000:2000000:2000000:2000000:2000000:2000000:725000:725000
602298.70,-12000,3932000,240,Discharging,2000000:2000000:2000000:2000000:2000000:2000000:1100000:1100000
602301.22,-9000,3932000,240,Discharging,2000000:2000000:2000000:2000000:2000000:2000000:725000:725000
602303.35,-82000,3932000,240,Discharging,2000000:2000000:2000000:2000000:2000000:2000000:725000:725000
602306.91,-10000,3932000,240,Discharging,2000000:2000000:2000000:2000000:2000000:2000000:725000:725000
602309.39,-12000,3932000,240,Discharging,2000000:2000000:2000000:2000000:2000000:2000000:725000:725000
602311.71,-10000,3932000,240,Discharging,2000000:2000000:2000000:2000000:2000000:2000000:725000:725000
602314.04,-10000,3932000,240,Discharging,2000000:2000000:2000000:2000000:2000000:2000000:725000:725000
602317.19,-14000,3932000,240,Discharging,2000000:2000000:2000000:2000000:2000000:2000000:725000:725000
602318.86,-138000,3932000,240,Discharging,2000000:2000000:2000000:2000000:2000000:2000000:725000:725000
602321.13,-90000,3932000,240,Discharging,2000000:2000000:2000000:2000000:2000000:2000000:900000:900000
602324.31,-98000,3932000,240,Discharging,2000000:2000000:2000000:2000000:2000000:2000000:725000:725000
602326.86,-22000,3932000,240,Discharging,2000000:2000000:2000000:2000000:2000000:2000000:725000:725000
602329.87,-59000,3932000,240,Discharging,2000000:2000000:2000000:2000000:2000000:2000000:725000:725000
602333.22,-9000,3932000,240,Discharging,2000000:2000000:2000000:2000000:2000000:2000000:725000:725000
602336.79,-113000,3932000,240,Discharging,2000000:2000000:2000000:2000000:2000000:2000000:800000:800000
602339.11,-91000,3932000,240,Discharging,2000000:2000000:2000000:2000000:2000000:2000000:725000:725000
602342.46,-31000,3932000,240,Discharging,2000000:2000000:2000000:2000000:2000000:2000000:725000:725000
602345.61,-114000,3932000,240,Discharging,2000000:2000000:2000000:2000000:2000000:2000000:800000:800000
602348.64,-91000,3932000,240,Discharging,2000000:2000000:2000000:2000000:2000000:2000000:725000:725000
602350.89,-92000,3932000,240,Discharging,2000000:2000000:2000000:2000000:2000000:2000000:725000:725000
602354.25,-25000,3932000,240,Discharging,2000000:2000000:2000000:2000000:2000000:2000000:725000:725000
602355.97,-152000,3932000,240,Discharging,2000000:2000000:2000000:2000000:2000000:2000000:725000:725000
602358.48,-10000,3932000,240,Discharging,2000000:2000000:2000000:2000000:2000000:2000000:725000:725000
602360.54,-65000,3932000,240,Discharging,2000000:2000000:2000000:2000000:2000000:2000000:725000:725000
602363.93,-9000,3932000,240,Discharging,2000000:2000000:2000000:2000000:2000000:2000000:2200000:2200000
602366.65,-100000,3932000,240,Discharging,2000000:2000000:2000000:2000000:2000000:2000000:725000:725000
602368.92,-94000,3932000,240,Discharging,2000000:2000000:2000000:2000000:2000000:2000000:725000:725000
602372.26,-34000,3932000,240,Discharging,2000000:2000000:2000000:2000000:2000000:2000000:725000:725000
602374.59,-12000,3932000,240,Discharging,2000000:2000000:2000000:2000000:2000000:2000000:900000:900000
602377.00,-10000,3932000,240,Discharging,2000000:2000000:2000000:2000000:2000000:2000000:725000:725000
602379.29,-8000,3932000,240,Discharging,2000000:2000000:2000000:2000000:2000000:2000000:725000:725000
602382.70,-14000,3932000,240,Discharging,2000000:2000000:2000000:2000000:2000000:2000000:725000:725000
602386.26,-9000,3932000,240,Discharging,2000000:2000000:2000000:2000000:2000000:2000000:725000:725000
602387.58,-114000,3932000,240,Discharging,2000000:2000000:2000000:2000000:2000000:2000000:1800000:1800000
602390.28,-78000,3932000,240,Discharging,2000000:2000000:2000000:2000000:2000000:2000000:725000:725000
602393.55,-82000,3932000,240,Discharging,2000000:2000000:2000000:2000000:2000000:2000000:725000:725000
602396.21,-10000,3932000,240,Discharging,2000000:2000000:2000000:2000000:2000000:2000000:725000:725000
602398.72,-124000,3932000,240,Discharging,2000000:2000000:2000000:2000000:2000000:2000000:725000:725000
602401.20,-9000,3932000,240,Discharging,2000000:2000000:2000000:2000000:2000000:2000000:725000:725000
602404.41,-56000,3932000,240,Discharging,2000000:2000000:2000000:2000000:2000000:2000000:725000:725000
602406.98,-28000,3932000,240,Discharging,2000000:2000000:2000000:2000000:2000000:2000000:725000:725000
602409.47,-135000,3932000,240,Discharging,2000000:2000000:2000000:2000000:2000000:2000000:725000:725000
602412.36,-8000,3932000,240,Discharging,2000000:2000000:2000000:2000000:2000000:2000000:725000:725000
602414.99,-39000,3932000,240,Discharging,2000000:2000000:2000000:2000000:2000000:2000000:725000:725000
602417.28,-41000,3932000,240,Discharging,2000000:2000000:2000000:2000000:2000000:2000000:725000:725000
602418.92,-131000,3932000,240,Discharging,2000000:2000000:2000000:2000000:2000000:2000000:725000:725000
602422.53,-9000,3932000,240,Discharging,2000000:2000000:2000000:2000000:2000000:2000000:725000:725000
602423.57,-220000,3932000,240,Discharging,2000000:2000000:2000000:2000000:2000000:2000000:725000:725000
602425.41,-221000,3932000,240,Discharging,2000000:2000000:2000000:2000000:2000000:2000000:725000:725000
602427.78,-50000,3932000,240,Discharging,2000000:2000000:2000000:2000000:2000000:2000000:725000:725000
602430.16,-11000,3932000,240,Discharging,2000000:2000000:2000000:2000000:2000000:2000000:725000:725000
602432.85,-9000,3932000,240,Discharging,2000000:2000000:2000000:2000000:2000000:2000000:725000:725000
602433.91,-208000,3932000,240,Discharging,2000000:2000000:2000000:2000000:2000000:2000000:725000:725000
602436.27,-93000,3932000,240,Discharging,2000000:2000000:2000000:2000000:2000000:2000000:725000:725000
602440.02,-49000,3932000,240,Discharging,2000000:2000000:2000000:2000000:2000000:2000000:725000:725000
602442.82,-66000,3932000,240,Discharging,2000000:2000000:2000000:2000000:2000000:2000000:725000:725000
602445.31,-13000,3932000,240,Discharging,2000000:2000000:2000000:2000000:2000000:2000000:725000:725000
602448.21,-10000,3932000,240,Discharging,2000000:2000000:2000000:2000000:2000000:2000000:725000:725000
602451.55,-117000,3932000,240,Discharging,2000000:2000000:2000000:2000000:2000000:2000000:725000:725000
602454.66,-8000,3932000,240,Discharging,2000000:2000000:2000000:2000000:2000000:2000000:725000:725000
602457.15,-12000,3932000,240,Discharging,2000000:2000000:2000000:2000000:2000000:2000000:725000:725000
602459.66,-127000,3932000,240,Discharging,2000000:2000000:2000000:2000000:2000000:2000000:725000:725000
602463.16,-13000,3932000,240,Discharging,2000000:2000000:2000000:2000000:2000000:2000000:900000:900000
602465.69,-11000,3932000,240,Discharging,2000000:2000000:2000000:2000000:2000000:2000000:725000:725000
602468.08,-64000,3932000,240,Discharging,2000000:2000000:2000000:2000000:2000000:2000000:725000:725000
602470.78,-17000,3932000,240,Discharging,2000000:2000000:2000000:2000000:2000000:2000000:725000:725000
602474.11,-161000,3932000,240,Discharging,2000000:2000000:2000000:2000000:2000000:2000000:800000:800000
602475.72,-64000,3932000,240,Discharging,2000000:2000000:2000000:2000000:2000000:2000000:725000:725000
602478.35,-11000,3952000,240,Discharging,2000000:2000000:2000000:2000000:2000000:2000000:800000:800000
602480.02,-200000,3952000,240,Discharging,2000000:2000000:2000000:2000000:2000000:2000000:725000:725000
602481.36,-139000,3952000,240,Discharging,2000000:2000000:2000000:2000000:2000000:2000000:725000:725000
602483.23,-145000,3930000,240,Discharging,2000000:2000000:2000000:2000000:2000000:2000000:725000:725000
602485.05,-10000,3930000,240,Discharging,2000000:2000000:2000000:2000000:2000000:2000000:725000:725000
602486.91,-178000,3930000,240,Discharging,2000000:2000000:2000000:2000000:2000000:2000000:725000:725000
602489.08,-14000,3930000,240,Discharging,2000000:2000000:2000000:2000000:2000000:2000000:900000:900000
602491.78,-8000,3930000,240,Discharging,2000000:2000000:2000000:2000000:2000000:2000000:725000:725000
602493.87,-57000,3930000,240,Discharging,2000000:2000000:2000000:2000000:2000000:2000000:725000:725000
602496.39,-56000,3930000,240,Discharging,2000000:2000000:2000000:2000000:2000000:2000000:725000:725000
602499.63,-15000,3930000,240,Discharging,2000000:2000000:2000000:2000000:2000000:2000000:725000:725000
602502.50,-12000,3930000,240,Discharging,2000000:2000000:2000000:2000000:2000000:2000000:725000:725000
602504.99,-9000,3930000,240,Discharging,2000000:2000000:2000000:2000000:2000000:2000000:725000:725000
602507.03,-131000,3930000,240,Discharging,2000000:2000000:2000000:2000000:2000000:2000000:725000:725000
602509.34,-12000,3930000,240,Discharging,2000000:2000000:2000000:2000000:2000000:2000000:725000:725000
602512.01,-10000,3930000,240,Discharging,2000000:2000000:2000000:2000000:2000000:2000000:725000:725000
602514.50,-14000,3930000,240,Discharging,2000000:2000000:2000000:2000000:2000000:2000000:725000:725000
602517.01,-40000,3930000,240,Discharging,2000000:2000000:2000000:2000000:2000000:2000000:725000:725000
602520.36,-96000,3930000,240,Discharging,2000000:2000000:2000000:2000000:2000000:2000000:725000:725000
602523.26,-16000,3930000,240,Discharging,2000000:2000000:2000000:2000000:2000000:2000000:725000:725000
602525.52,-14000,3930000,240,Discharging,2000000:2000000:2000000:2000000:2000000:2000000:725000:725000
602527.93,-58000,3930000,240,Discharging,2000000:2000000:2000000:2000000:2000000:2000000:725000:725000
602531.69,-24000,3930000,240,Discharging,2000000:2000000:2000000:2000000:2000000:2000000:725000:725000
602533.53,-150000,3930000,240,Discharging,2000000:2000000:2000000:2000000:2000000:2000000:725000:725000
602534.56,-213000,3930000,240,Discharging,2000000:2000000:2000000:2000000:2000000:2000000:725000:725000
602535.59,-183000,3930000,240,Discharging,2000000:2000000:2000000:2000000:2000000:2000000:725000:725000
602537.74,-11000,3930000,240,Discharging,2000000:2000000:2000000:2000000:2000000:2000000:725000:725000
602540.47,-9000,3930000,240,Discharging,2000000:2000000:2000000:2000000:2000000:2000000:725000:725000
602542.14,-212000,3930000,240,Discharging,2000000:2000000:2000000:2000000:2000000:2000000:725000:725000
602544.07,-53000,3930000,240,Discharging,2000000:2000000:2000000:2000000:2000000:2000000:725000:725000
602547.00,-151000,3930000,240,Discharging,2000000:2000000:2000000:2000000:2000000:2000000:725000:725000
602550.51,-14000,3930000,240,Discharging,2000000:2000000:2000000:2000000:2000000:2000000:725000:725000
602553.41,-14000,3930000,240,Discharging,2000000:2000000:2000000:2000000:2000000:2000000:725000:725000
602555.71,-10000,3930000,240,Discharging,2000000:2000000:2000000:2000000:2000000:2000000:725000:725000
602558.43,-68000,3930000,240,Discharging,2000000:2000000:2000000:2000000:2000000:2000000:725000:725000
602560.75,-10000,3930000,240,Discharging,2000000:2000000:2000000:2000000:2000000:2000000:900000:900000
602563.44,-9000,3930000,240,Discharging,2000000:2000000:2000000:2000000:2000000:2000000:725000:725000
602566.09,-8000,3930000,240,Discharging,2000000:2000000:2000000:2000000:2000000:2000000:725000:725000
602568.58,-8000,3930000,240,Discharging,2000000:2000000:2000000:2000000:2000000:2000000:725000:725000
602570.92,-13000,3940000,240,Discharging,2000000:2000000:2000000:2000000:2000000:2000000:725000:725000
602573.33,-27000,3940000,240,Discharging,2000000:2000000:2000000:2000000:2000000:2000000:725000:725000
602577.34,-9000,3940000,240,Discharging,2000000:2000000:2000000:2000000:2000000:2000000:1000000:1000000
602579.86,-13000,3940000,240,Discharging,2000000:2000000:2000000:2000000:2000000:2000000:725000:725000
602581.26,-105000,3940000,240,Discharging,2000000:2000000:2000000:2000000:2000000:2000000:725000:725000
602584.01,-72000,3940000,240,Discharging,2000000:2000000:2000000:2000000:2000000:2000000:725000:725000
602587.37,-24000,3940000,240,Discharging,2000000:2000000:2000000:2000000:2000000:2000000:1000000:1000000
602589.90,-74000,3940000,240,Discharging,2000000:2000000:2000000:2000000:2000000:2000000:725000:725000
602592.56,-126000,3940000,240,Discharging,2000000:2000000:2000000:2000000:2000000:2000000:725000:725000
602595.05,-44000,3940000,240,Discharging,2000000:2000000:2000000:2000000:2000000:2000000:725000:725000
602598.45,-12000,3940000,240,Discharging,2000000:2000000:2000000:2000000:2000000:2000000:725000:725000
602600.96,-12000,3940000,240,Discharging,2000000:2000000:2000000:2000000:2000000:2000000:725000:725000
602603.65,-11000,3940000,240,Discharging,2000000:2000000:2000000:2000000:2000000:2000000:725000:725000
602605.90,-12000,3940000,240,Discharging,2000000:2000000:2000000:2000000:2000000:2000000:725000:725000
602608.39,-11000,3940000,240,Discharging,2000000:2000000:2000000:2000000:2000000:2000000:725000:725000
602610.91,-11000,3940000,240,Discharging,2000000:2000000:2000000:2000000:2000000:2000000:725000:725000
602613.77,-13000,3940000,240,Discharging,2000000:2000000:2000000:2000000:2000000:2000000:725000:725000
602616.27,-27000,3940000,240,Discharging,2000000:2000000:2000000:2000000:2000000:2000000:725000:725000
602619.07,-217000,3940000,240,Discharging,2000000:2000000:2000000:2000000:2000000:2000000:725000:725000
602621.54,-46000,3940000,240,Discharging,2000000:2000000:2000000:2000000:2000000:2000000:725000:725000
602624.45,-10000,3940000,240,Discharging,2000000:2000000:2000000:2000000:2000000:2000000:800000:800000
602626.76,-10000,3940000,240,Discharging,2000000:2000000:2000000:2000000:2000000:2000000:800000:800000
602629.27,-8000,3940000,240,Discharging,2000000:2000000:2000000:2000000:2000000:2000000:725000:725000
602630.73,-163000,3940000,240,Discharging,2000000:2000000:2000000:2000000:2000000:2000000:725000:725000
602633.43,-17000,3940000,240,Discharging,2000000:2000000:2000000:2000000:2000000:2000000:725000:725000
602636.73,-17000,3940000,240,Discharging,2000000:2000000:2000000:2000000:2000000:2000000:800000:800000
602639.20,-19000,3940000,240,Discharging,2000000:2000000:2000000:2000000:2000000:2000000:1200000:1200000
602641.91,-11000,3940000,240,Discharging,2000000:2000000:2000000:2000000:2000000:2000000:725000:725000
602644.61,-48000,3940000,240,Discharging,2000000:2000000:2000000:2000000:2000000:2000000:725000:725000
602647.99,-11000,3940000,240,Discharging,2000000:2000000:2000000:2000000:2000000:2000000:1100000:1100000
602649.66,-159000,3940000,240,Discharging,2000000:2000000:2000000:2000000:2000000:2000000:725000:725000
602653.02,-12000,3940000,240,Discharging,2000000:2000000:2000000:2000000:2000000:2000000:725000:725000
602656.22,-84000,3940000,240,Discharging,2000000:2000000:2000000:2000000:2000000:2000000:725000:725000
602658.52,-12000,3940000,240,Discharging,2000000:2000000:2000000:2000000:2000000:2000000:725000:725000
602661.25,-13000,3940000,240,Discharging,2000000:2000000:2000000:2000000:2000000:2000000:1000000:1000000
602664.84,-51000,3940000,240,Discharging,2000000:2000000:2000000:2000000:2000000:2000000:725000:725000
602666.25,-174000,3940000,240,Discharging,2000000:2000000:2000000:2000000:2000000:2000000:725000:725000
602668.84,-56000,3940000,240,Discharging,2000000:2000000:2000000:2000000:2000000:2000000:725000:725000
602672.26,-11000,3940000,240,Discharging,2000000:2000000:2000000:2000000:2000000:2000000:725000:725000
602674.78,-80000,3940000,240,Discharging,2000000:2000000:2000000:2000000:2000000:2000000:725000:725000
602677.89,-57000,3940000,240,Discharging,2000000:2000000:2000000:2000000:2000000:2000000:725000:725000
602679.86,-163000,3940000,240,Discharging,2000000:2000000:2000000:2000000:2000000:2000000:725000:725000
602682.71,-9000,3940000,240,Discharging,2000000:2000000:2000000:2000000:2000000:2000000:1300000:1300000
602684.37,-105000,3940000,240,Discharging,2000000:2000000:2000000:2000000:2000000:2000000:725000:725000
602687.83,-71000,3940000,240,Discharging,2000000:2000000:2000000:2000000:2000000:2000000:1100000:1100000
602690.74,-17000,3940000,240,Discharging,2000000:2000000:2000000:2000000:2000000:2000000:725000:725000
602693.24,-10000,3940000,240,Discharging,2000000:2000000:2000000:2000000:2000000:2000000:725000:725000
602695.75,-137000,3940000,240,Discharging,2000000:2000000:2000000:2000000:2000000:2000000:725000:725000
602697.24,-111000,3940000,240,Discharging,2000000:2000000:2000000:2000000:2000000:2000000:725000:725000
602700.70,-59000,3940000,240,Discharging,2000000:2000000:2000000:2000000:2000000:2000000:725000:725000
602703.11,-14000,3940000,240,Discharging,2000000:2000000:2000000:2000000:2000000:2000000:725000:725000
602705.83,-94000,3940000,240,Discharging,2000000:2000000:2000000:2000000:2000000:2000000:725000:725000
602709.05,-60000,3940000,240,Discharging,2000000:2000000:2000000:2000000:2000000:2000000:725000:725000
602711.69,-13000,3940000,240,Discharging,2000000:2000000:2000000:2000000:2000000:2000000:725000:725000
602714.28,-64000,3940000,240,Discharging,2000000:2000000:2000000:2000000:2000000:2000000:725000:725000
602716.96,-76000,3940000,240,Discharging,2000000:2000000:2000000:2000000:2000000:2000000:725000:725000
602720.51,-21000,3940000,240,Discharging,2000000:2000000:2000000:2000000:2000000:2000000:725000:725000
602723.21,-28000,3940000,240,Discharging,2000000:2000000:2000000:2000000:2000000:2000000:725000:725000
602725.88,-17000,3940000,240,Discharging,2000000:2000000:2000000:2000000:2000000:2000000:725000:725000
602727.88,-112000,3940000,240,Discharging,2000000:2000000:2000000:2000000:2000000:2000000:725000:725000
602729.23,-194000,3940000,240,Discharging,2000000:2000000:2000000:2000000:2000000:2000000:725000:725000
602731.76,-159000,3940000,240,Discharging,2000000:2000000:2000000:2000000:2000000:2000000:725000:725000
602734.36,-52000,3940000,240,Discharging,2000000:2000000:2000000:2000000:2000000:2000000:725000:725000
602736.87,-101000,3940000,240,Discharging,2000000:2000000:2000000:2000000:2000000:2000000:725000:725000
602739.23,-86000,3940000,240,Discharging,2000000:2000000:2000000:2000000:2000000:2000000:725000:725000
602742.34,-69000,3940000,240,Discharging,2000000:2000000:2000000:2000000:2000000:2000000:725000:725000
602744.83,-39000,3940000,240,Discharging,2000000:2000000:2000000:2000000:2000000:2000000:725000:725000
602747.34,-37000,3940000,240,Discharging,2000000:2000000:2000000:2000000:2000000:2000000:725000:725000
602750.91,-13000,3940000,240,Discharging,2000000:2000000:2000000:2000000:2000000:2000000:725000:725000
602753.78,-154000,3940000,240,Discharging,2000000:2000000:2000000:2000000:2000000:2000000:900000:900000
602756.13,-39000,3940000,240,Discharging,2000000:2000000:2000000:2000000:2000000:2000000:725000:725000
602757.90,-174000,3940000,240,Discharging,2000000:2000000:2000000:2000000:2000000:2000000:725000:725000
602761.13,-34000,3940000,240,Discharging,2000000:2000000:2000000:2000000:2000000:2000000:725000:725000
602763.73,-22000,3940000,240,Discharging,2000000:2000000:2000000:2000000:2000000:2000000:725000:725000
602766.24,-71000,3940000,240,Discharging,2000000:2000000:2000000:2000000:2000000:2000000:725000:725000
602769.60,-94000,3940000,240,Discharging,2000000:2000000:2000000:2000000:2000000:2000000:725000:725000
602772.05,-78000,3940000,240,Discharging,2000000:2000000:2000000:2000000:2000000:2000000:725000:725000
602774.81,-10000,3940000,240,Discharging,2000000:2000000:2000000:2000000:2000000:2000000:725000:725000
602777.51,-12000,3940000,240,Discharging,2000000:2000000:2000000:2000000:2000000:2000000:725000:725000
602779.82,-53000,3940000,240,Discharging,2000000:2000000:2000000:2000000:2000000:2000000:725000:725000
602782.24,-10000,3940000,240,Discharging,2000000:2000000:2000000:2000000:2000000:2000000:725000:725000
602785.01,-23000,3940000,240,Discharging,2000000:2000000:2000000:2000000:2000000:2000000:725000:725000
602787.37,-93000,3940000,240,Discharging,2000000:2000000:2000000:2000000:2000000:2000000:725000:725000
602789.89,-185000,3940000,240,Discharging,2000000:2000000:2000000:2000000:2000000:2000000:725000:725000
602792.21,-10000,3940000,240,Discharging,2000000:2000000:2000000:2000000:2000000:2000000:725000:725000
602795.05,-9000,3940000,240,Discharging,2000000:2000000:2000000:2000000:2000000:2000000:900000:900000
602797.57,-14000,3940000,240,Discharging,2000000:2000000:2000000:2000000:2000000:2000000:725000:725000
602800.08,-75000,3940000,240,Discharging,2000000:2000000:2000000:2000000:2000000:2000000:725000:725000
602802.46,-84000,3940000,240,Discharging,2000000:2000000:2000000:2000000:2000000:2000000:725000:725000
602805.09,-10000,3940000,240,Discharging,2000000:2000000:2000000:2000000:2000000:2000000:725000:725000
602806.77,-217000,3940000,240,Discharging,2000000:2000000:2000000:2000000:2000000:2000000:725000:725000
602808.23,-153000,3940000,240,Discharging,2000000:2000000:2000000:2000000:2000000:2000000:725000:725000
602811.63,-119000,3940000,240,Discharging,2000000:2000000:2000000:2000000:2000000:2000000:725000:725000
602814.22,-13000,3940000,240,Discharging,2000000:2000000:2000000:2000000:2000000:2000000:725000:725000
602816.78,-126000,3940000,240,Discharging,2000000:2000000:2000000:2000000:2000000:2000000:725000:725000
602819.40,-80000,3940000,240,Discharging,2000000:2000000:2000000:2000000:2000000:2000000:725000:725000
602821.94,-113000,3940000,240,Discharging,2000000:2000000:2000000:2000000:2000000:2000000:725000:725000
602825.40,-20000,3940000,240,Discharging,2000000:2000000:2000000:2000000:2000000:2000000:725000:725000
602828.11,-106000,3940000,240,Discharging,2000000:2000000:2000000:2000000:2000000:2000000:725000:725000
602830.83,-10000,3940000,240,Discharging,2000000:2000000:2000000:2000000:2000000:2000000:725000:725000
602834.57,-14000,3940000,240,Discharging,2000000:2000000:2000000:2000000:2000000:2000000:725000:725000
602837.27,-9000,3940000,240,Discharging,2000000:2000000:2000000:2000000:2000000:2000000:725000:725000
602839.97,-52000,3940000,240,Discharging,2000000:2000000:2000000:2000000:2000000:2000000:725000:725000
602842.49,-49000,3940000,240,Discharging,2000000:2000000:2000000:2000000:2000000:2000000:725000:725000
602845.83,-83000,3940000,240,Discharging,2000000:2000000:2000000:2000000:2000000:2000000:725000:725000
602848.54,-9000,3940000,240,Discharging,2000000:2000000:2000000:2000000:2000000:2000000:725000:725000
602850.28,-10000,3940000,240,Discharging,2000000:2000000:2000000:2000000:2000000:2000000:725000:725000
602852.15,-161000,3940000,240,Discharging,2000000:2000000:2000000:2000000:2000000:2000000:725000:725000
602854.50,-48000,3940000,240,Discharging,2000000:2000000:2000000:2000000:2000000:2000000:725000:725000
602855.78,-121000,3940000,240,Discharging,2000000:2000000:2000000:2000000:2000000:2000000:725000:725000
602858.61,-15000,3940000,240,Discharging,2000000:2000000:2000000:2000000:2000000:2000000:725000:725000
602861.12,-11000,3940000,240,Discharging,2000000:2000000:2000000:2000000:2000000:2000000:725000:725000
602864.17,-13000,3940000,240,Discharging,2000000:2000000:2000000:2000000:2000000:2000000:900000:900000
602866.85,-42000,3940000,240,Discharging,2000000:2000000:2000000:2000000:2000000:2000000:1100000:1100000
602867.88,-206000,3940000,240,Discharging,2000000:2000000:2000000:2000000:2000000:2000000:725000:725000
602869.98,-49000,3945000,240,Discharging,2000000:2000000:2000000:2000000:2000000:2000000:725000:725000
602873.22,-156000,3945000,240,Discharging,2000000:2000000:2000000:2000000:2000000:2000000:725000:725000
602875.84,-12000,3945000,240,Discharging,2000000:2000000:2000000:2000000:2000000:2000000:725000:725000
602878.41,-8000,3945000,240,Discharging,2000000:2000000:2000000:2000000:2000000:2000000:725000:725000
602880.93,-12000,3945000,240,Discharging,2000000:2000000:2000000:2000000:2000000:2000000:725000:725000
602883.63,-57000,3945000,240,Discharging,2000000:2000000:2000000:2000000:2000000:2000000:725000:725000
602886.39,-8000,3945000,240,Discharging,2000000:2000000:2000000:2000000:2000000:2000000:725000:725000
602888.88,-51000,3945000,240,Discharging,2000000:2000000:2000000:2000000:2000000:2000000:725000:725000
602891.39,-137000,3945000,240,Discharging,2000000:2000000:2000000:2000000:2000000:2000000:725000:725000
602894.89,-14000,3945000,240,Discharging,2000000:2000000:2000000:2000000:2000000:2000000:725000:725000
602897.72,-10000,3945000,240,Discharging,2000000:2000000:2000000:2000000:2000000:2000000:725000:725000
602900.13,-133000,3945000,240,Discharging,2000000:2000000:2000000:2000000:2000000:2000000:725000:725000
602902.84,-15000,3945000,240,Discharging,2000000:2000000:2000000:2000000:2000000:2000000:725000:725000
602905.84,-46000,3945000,240,Discharging,2000000:2000000:2000000:2000000:2000000:2000000:1100000:1100000
602908.75,-14000,3945000,240,Discharging,2000000:2000000:2000000:2000000:2000000:2000000:725000:725000
602910.42,-214000,3945000,240,Discharging,2000000:2000000:2000000:2000000:2000000:2000000:725000:725000
602912.84,-90000,3945000,240,Discharging,2000000:2000000:2000000:2000000:2000000:2000000:725000:725000
602914.32,-194000,3945000,240,Discharging,2000000:2000000:2000000:2000000:2000000:2000000:725000:725000
602917.52,-9000,3945000,240,Discharging,2000000:2000000:2000000:2000000:2000000:2000000:1400000:1400000
602919.97,-14000,3945000,240,Discharging,2000000:2000000:2000000:2000000:2000000:2000000:725000:725000
602921.34,-96000,3945000,240,Discharging,2000000:2000000:2000000:2000000:2000000:2000000:725000:725000
602925.09,-24000,3945000,240,Discharging,2000000:2000000:2000000:2000000:2000000:2000000:900000:900000
602928.07,-13000,3945000,240,Discharging,2000000:2000000:2000000:2000000:2000000:2000000:1100000:1100000
602930.60,-64000,3945000,240,Discharging,2000000:2000000:2000000:2000000:2000000:2000000:725000:725000
602932.92,-71000,3945000,240,Discharging,2000000:2000000:2000000:2000000:2000000:2000000:725000:725000
602934.19,-135000,3930000,240,Discharging,2000000:2000000:2000000:2000000:2000000:2000000:725000:725000
602936.83,-19000,3930000,240,Discharging,2000000:2000000:2000000:2000000:2000000:2000000:725000:725000
602939.55,-21000,3930000,240,Discharging,2000000:2000000:2000000:2000000:2000000:2000000:725000:725000
602942.89,-106000,3930000,240,Discharging,2000000:2000000:2000000:2000000:2000000:2000000:725000:725000
602945.56,-12000,3930000,240,Discharging,2000000:2000000:2000000:2000000:2000000:2000000:725000:725000
602948.05,-9000,3930000,240,Discharging,2000000:2000000:2000000:2000000:2000000:2000000:725000:725000
602950.37,-55000,3930000,240,Discharging,2000000:2000000:2000000:2000000:2000000:2000000:725000:725000
602953.68,-14000,3930000,240,Discharging,2000000:2000000:2000000:2000000:2000000:2000000:725000:725000
602955.54,-64000,3922000,240,Discharging,2000000:2000000:2000000:2000000:2000000:2000000:725000:725000
602957.21,-189000,3922000,240,Discharging,2000000:2000000:2000000:2000000:2000000:2000000:725000:725000
602959.45,-75000,3922000,240,Discharging,2000000:2000000:2000000:2000000:2000000:2000000:725000:725000
602962.78,-8000,3922000,240,Discharging,2000000:2000000:2000000:2000000:2000000:2000000:900000:900000
602965.89,-10000,3922000,240,Discharging,2000000:2000000:2000000:2000000:2000000:2000000:725000:725000
602966.92,-209000,3922000,240,Discharging,2000000:2000000:2000000:2000000:2000000:2000000:725000:725000
602967.95,-206000,3922000,240,Discharging,2000000:2000000:2000000:2000000:2000000:2000000:725000:725000
602970.43,-34000,3922000,240,Discharging,2000000:2000000:2000000:2000000:2000000:2000000:725000:725000
602973.04,-69000,3922000,240,Discharging,2000000:2000000:2000000:2000000:2000000:2000000:725000:725000
602975.64,-29000,3922000,240,Discharging,2000000:2000000:2000000:2000000:2000000:2000000:725000:725000
602978.14,-9000,3922000,240,Discharging,2000000:2000000:2000000:2000000:2000000:2000000:1200000:1200000
602980.66,-28000,3922000,240,Discharging,2000000:2000000:2000000:2000000:2000000:2000000:725000:725000
602983.36,-10000,3922000,240,Discharging,2000000:2000000:2000000:2000000:2000000:2000000:725000:725000
602985.61,-13000,3922000,240,Discharging,2000000:2000000:2000000:2000000:2000000:2000000:725000:725000
602988.69,-71000,3922000,240,Discharging,2000000:2000000:2000000:2000000:2000000:2000000:725000:725000
602991.04,-120000,3922000,240,Discharging,2000000:2000000:2000000:2000000:2000000:2000000:725000:725000
602993.80,-42000,3922000,240,Discharging,2000000:2000000:2000000:2000000:2000000:2000000:800000:800000
602996.54,-20000,3922000,240,Discharging,2000000:2000000:2000000:2000000:2000000:2000000:725000:725000
602999.22,-54000,3922000,240,Discharging,2000000:2000000:2000000:2000000:2000000:2000000:725000:725000
603001.73,-162000,3922000,240,Discharging,2000000:2000000:2000000:2000000:2000000:2000000:725000:725000
603005.07,-12000,3922000,240,Discharging,2000000:2000000:2000000:2000000:2000000:2000000:725000:725000
603006.90,-115000,3922000,240,Discharging,2000000:2000000:2000000:2000000:2000000:2000000:725000:725000
603009.28,-11000,3922000,240,Discharging,2000000:2000000:2000000:2000000:2000000:2000000:725000:725000
603011.79,-153000,3922000,240,Discharging,2000000:2000000:2000000:2000000:2000000:2000000:725000:725000
603015.11,-161000,3922000,240,Discharging,2000000:2000000:2000000:2000000:2000000:2000000:900000:900000
603017.77,-14000,3922000,240,Discharging,2000000:2000000:2000000:2000000:2000000:2000000:1100000:1100000
603019.41,-292000,3922000,240,Discharging,2000000:2000000:2000000:2000000:2000000:2000000:800000:800000
603021.92,-92000,3922000,240,Discharging,2000000:2000000:2000000:2000000:2000000:2000000:725000:725000
603025.36,-8000,3922000,240,Discharging,2000000:2000000:2000000:2000000:2000000:2000000:725000:725000
603027.22,-40000,3922000,240,Discharging,2000000:2000000:2000000:2000000:2000000:2000000:725000:725000
603029.51,-138000,3922000,240,Discharging,2000000:2000000:2000000:2000000:2000000:2000000:900000:900000
603030.72,-140000,3922000,240,Discharging,2000000:2000000:2000000:2000000:2000000:2000000:725000:725000
603033.33,-82000,3922000,240,Discharging,2000000:2000000:2000000:2000000:2000000:2000000:725000:725000
603037.43,-24000,3922000,240,Discharging,2000000:2000000:2000000:2000000:2000000:2000000:725000:725000
603038.86,-99000,3922000,240,Discharging,2000000:2000000:2000000:2000000:2000000:2000000:1000000:1000000
603041.14,-71000,3922000,240,Discharging,2000000:2000000:2000000:2000000:2000000:2000000:725000:725000
603044.09,-8000,3922000,240,Discharging,2000000:2000000:2000000:2000000:2000000:2000000:725000:725000
603046.54,-10000,3922000,240,Discharging,2000000:2000000:2000000:2000000:2000000:2000000:725000:725000
603049.05,-207000,3922000,240,Discharging,2000000:2000000:2000000:2000000:2000000:2000000:725000:725000
603051.43,-77000,3922000,240,Discharging,2000000:2000000:2000000:2000000:2000000:2000000:725000:725000
603054.07,-117000,3922000,240,Discharging,2000000:2000000:2000000:2000000:2000000:2000000:725000:725000
603055.75,-105000,3922000,240,Discharging,2000000:2000000:2000000:2000000:2000000:2000000:800000:2200000
603058.05,-11000,3922000,240,Discharging,2000000:2000000:2000000:2000000:2000000:2000000:725000:725000
603061.54,-10000,3922000,240,Discharging,2000000:2000000:2000000:2000000:2000000:2000000:725000:725000
603064.44,-11000,3922000,240,Discharging,2000000:2000000:2000000:2000000:2000000:2000000:725000:725000
603066.12,-203000,3922000,240,Discharging,2000000:2000000:2000000:2000000:2000000:2000000:725000:725000
603068.67,-199000,3922000,240,Discharging,2000000:2000000:2000000:2000000:2000000:2000000:725000:725000
603071.92,-46000,3922000,240,Discharging,2000000:2000000:2000000:2000000:2000000:2000000:725000:725000
603074.44,-49000,3922000,240,Discharging,2000000:2000000:2000000:2000000:2000000:2000000:725000:725000
603077.14,-82000,3922000,240,Discharging,2000000:2000000:2000000:2000000:2000000:2000000:725000:725000
603079.63,-74000,3922000,240,Discharging,2000000:2000000:2000000:2000000:2000000:2000000:725000:725000
603082.96,-26000,3922000,240,Discharging,2000000:2000000:2000000:2000000:2000000:2000000:725000:725000
603085.87,-11000,3922000,240,Discharging,2000000:2000000:2000000:2000000:2000000:2000000:725000:725000
603088.43,-13000,3922000,240,Discharging,2000000:2000000:2000000:2000000:2000000:2000000:725000:725000
603090.91,-10000,3922000,240,Discharging,2000000:2000000:2000000:2000000:2000000:2000000:725000:725000
603093.33,-57000,3922000,240,Discharging,2000000:2000000:2000000:2000000:2000000:2000000:725000:725000
603096.05,-94000,3922000,240,Discharging,2000000:2000000:2000000:2000000:2000000:2000000:725000:725000
603098.15,-116000,3922000,240,Discharging,2000000:2000000:2000000:2000000:2000000:2000000:725000:725000
603100.15,-141000,3922000,240,Discharging,2000000:2000000:2000000:2000000:2000000:2000000:725000:725000
603101.59,-215000,3922000,230,Discharging,2000000:2000000:2000000:2000000:2000000:2000000:725000:725000
603104.47,-9000,3922000,240,Discharging,2000000:2000000:2000000:2000000:2000000:2000000:725000:725000
603107.19,-111000,3922000,240,Discharging,2000000:2000000:2000000:2000000:2000000:2000000:725000:725000
603110.58,-48000,3922000,240,Discharging,2000000:2000000:2000000:2000000:2000000:2000000:725000:725000
603113.02,-87000,3922000,240,Discharging,2000000:2000000:2000000:2000000:2000000:2000000:725000:725000
603114.75,-9000,3922000,240,Discharging,2000000:2000000:2000000:2000000:2000000:2000000:725000:725000
603117.32,-216000,3922000,240,Discharging,2000000:2000000:2000000:2000000:2000000:2000000:725000:725000
603120.53,-40000,3922000,240,Discharging,2000000:2000000:2000000:2000000:2000000:2000000:725000:725000
603123.33,-11000,3922000,240,Discharging,2000000:2000000:2000000:2000000:2000000:2000000:800000:800000
603125.99,-7000,3922000,240,Discharging,2000000:2000000:2000000:2000000:2000000:2000000:725000:725000
603128.98,-215000,3922000,240,Discharging,2000000:2000000:2000000:2000000:2000000:2000000:725000:725000
603131.44,-121000,3922000,240,Discharging,2000000:2000000:2000000:2000000:2000000:2000000:725000:725000
603133.19,-173000,3922000,240,Discharging,2000000:2000000:2000000:2000000:2000000:2000000:725000:725000
603134.22,-194000,3922000,240,Discharging,2000000:2000000:2000000:2000000:2000000:2000000:725000:725000
603136.00,-8000,3922000,240,Discharging,2000000:2000000:2000000:2000000:2000000:2000000:725000:725000
603138.52,-164000,3922000,240,Discharging,2000000:2000000:2000000:2000000:2000000:2000000:725000:725000
603141.78,-69000,3922000,240,Discharging,2000000:2000000:2000000:2000000:2000000:2000000:900000:900000
603144.34,-28000,3922000,240,Discharging,2000000:2000000:2000000:2000000:2000000:2000000:725000:725000
603146.83,-12000,3922000,240,Discharging,2000000:2000000:2000000:2000000:2000000:2000000:725000:725000
603149.34,-124000,3922000,240,Discharging,2000000:2000000:2000000:2000000:2000000:2000000:725000:725000
603152.65,-155000,3922000,240,Discharging,2000000:2000000:2000000:2000000:2000000:2000000:725000:725000
603155.31,-10000,3922000,240,Discharging,2000000:2000000:2000000:2000000:2000000:2000000:725000:725000
603158.12,-10000,3922000,240,Discharging,2000000:2000000:2000000:2000000:2000000:2000000:725000:725000
603160.63,-86000,3922000,240,Discharging,2000000:2000000:2000000:2000000:2000000:2000000:725000:725000
603162.90,-39000,3922000,240,Discharging,2000000:2000000:2000000:2000000:2000000:2000000:725000:725000
603165.64,-13000,3922000,240,Discharging,2000000:2000000:2000000:2000000:2000000:2000000:1100000:1100000
603168.11,-24000,3922000,240,Discharging,2000000:2000000:2000000:2000000:2000000:2000000:725000:725000
603170.62,-77000,3922000,240,Discharging,2000000:2000000:2000000:2000000:2000000:2000000:725000:725000
603173.29,-11000,3922000,240,Discharging,2000000:2000000:2000000:2000000:2000000:2000000:725000:725000
603175.93,-64000,3922000,240,Discharging,2000000:2000000:2000000:2000000:2000000:2000000:725000:725000
603178.54,-14000,3922000,240,Discharging,2000000:2000000:2000000:2000000:2000000:2000000:725000:725000
603180.04,-164000,3922000,240,Discharging,2000000:2000000:2000000:2000000:2000000:2000000:725000:725000
603183.15,-90000,3922000,240,Discharging,2000000:2000000:2000000:2000000:2000000:2000000:725000:725000
603186.53,-13000,3922000,240,Discharging,2000000:2000000:2000000:2000000:2000000:2000000:900000:900000
603188.89,-12000,3922000,240,Discharging,2000000:2000000:2000000:2000000:2000000:2000000:1100000:1100000
603191.20,-60000,3922000,240,Discharging,2000000:2000000:2000000:2000000:2000000:2000000:725000:725000
603193.59,-9000,3922000,240,Discharging,2000000:2000000:2000000:2000000:2000000:2000000:725000:725000
603196.46,-9000,3922000,240,Discharging,2000000:2000000:2000000:2000000:2000000:2000000:725000:725000
603198.93,-9000,3922000,240,Discharging,2000000:2000000:2000000:2000000:2000000:2000000:725000:725000
603201.44,-8000,3922000,240,Discharging,2000000:2000000:2000000:2000000:2000000:2000000:725000:725000
603204.12,-8000,3922000,240,Discharging,2000000:2000000:2000000:2000000:2000000:2000000:725000:725000
603206.54,-17000,3922000,240,Discharging,2000000:2000000:2000000:2000000:2000000:2000000:725000:725000
603209.06,-210000,3922000,240,Discharging,2000000:2000000:2000000:2000000:2000000:2000000:725000:725000
603212.37,-58000,3922000,240,Discharging,2000000:2000000:2000000:2000000:2000000:2000000:725000:725000
603215.47,-14000,3922000,240,Discharging,2000000:2000000:2000000:2000000:2000000:2000000:725000:725000
603217.25,-10000,3922000,240,Discharging,2000000:2000000:2000000:2000000:2000000:2000000:725000:725000
603219.77,-129000,3922000,240,Discharging,2000000:2000000:2000000:2000000:2000000:2000000:725000:725000
603223.11,-60000,3922000,240,Discharging,2000000:2000000:2000000:2000000:2000000:2000000:725000:725000
603224.55,-64000,3922000,240,Discharging,2000000:2000000:2000000:2000000:2000000:2000000:725000:725000
603226.60,-10000,3922000,240,Discharging,2000000:2000000:2000000:2000000:2000000:2000000:725000:725000
603229.12,-12000,3922000,240,Discharging,2000000:2000000:2000000:2000000:2000000:2000000:725000:725000
603231.40,-187000,3922000,240,Discharging,2000000:2000000:2000000:2000000:2000000:2000000:725000:725000
603234.27,-10000,3922000,240,Discharging,2000000:2000000:2000000:2000000:2000000:2000000:725000:725000
603236.70,-22000,3922000,240,Discharging,2000000:2000000:2000000:2000000:2000000:2000000:1000000:1000000
603239.42,-103000,3922000,240,Discharging,2000000:2000000:2000000:2000000:2000000:2000000:725000:725000
603241.74,-13000,3947000,240,Discharging,2000000:2000000:2000000:2000000:2000000:2000000:725000:725000
603245.31,-14000,3947000,240,Discharging,2000000:2000000:2000000:2000000:2000000:2000000:800000:800000
603247.87,-19000,3947000,240,Discharging,2000000:2000000:2000000:2000000:2000000:2000000:725000:725000
603250.56,-43000,3947000,240,Discharging,2000000:2000000:2000000:2000000:2000000:2000000:725000:725000
603252.42,-184000,3947000,240,Discharging,2000000:2000000:2000000:2000000:2000000:2000000:725000:725000
603255.03,-8000,3947000,240,Discharging,2000000:2000000:2000000:2000000:2000000:2000000:725000:725000
603257.90,-11000,3947000,240,Discharging,650000:650000:650000:650000:650000:650000:725000:725000
603260.37,-9000,3947000,240,Discharging,500000:500000:500000:500000:500000:500000:725000:725000
